R,Z,DeltaR,DeltaZ,ang1,ang2,circ,N,mult,R(mOhms),Name
0.1198,-1.3643,0.012,0.017,0.0,0.0,1,1,0.5000000,0.0,*amc_sol_current_1
0.1198,-1.3463,0.012,0.017,0.0,0.0,1,1,0.5000000,0.0,*amc_sol_current_2
0.1198,-1.3283,0.012,0.017,0.0,0.0,1,1,0.5000000,0.0,*amc_sol_current_3
0.1198,-1.3103,0.012,0.017,0.0,0.0,1,1,0.5000000,0.0,*amc_sol_current_4
0.1198,-1.2923,0.012,0.017,0.0,0.0,1,1,0.5000000,0.0,*amc_sol_current_5
0.1198,-1.2743,0.012,0.017,0.0,0.0,1,1,0.5000000,0.0,*amc_sol_current_6
0.1198,-1.2563,0.012,0.017,0.0,0.0,1,1,0.5000000,0.0,*amc_sol_current_7
0.1198,-1.2383,0.012,0.017,0.0,0.0,1,1,0.5000000,0.0,*amc_sol_current_8
0.1198,-1.2203,0.012,0.017,0.0,0.0,1,1,0.5000000,0.0,*amc_sol_current_9
0.1198,-1.2023,0.012,0.017,0.0,0.0,1,1,0.5000000,0.0,*amc_sol_current_10
0.1198,-1.1843,0.012,0.017,0.0,0.0,1,1,0.5000000,0.0,*amc_sol_current_11
0.1198,-1.1663,0.012,0.017,0.0,0.0,1,1,0.5000000,0.0,*amc_sol_current_12
0.1198,-1.1483,0.012,0.017,0.0,0.0,1,1,0.5000000,0.0,*amc_sol_current_13
0.1198,-1.1303,0.012,0.017,0.0,0.0,1,1,0.5000000,0.0,*amc_sol_current_14
0.1198,-1.1123,0.012,0.017,0.0,0.0,1,1,0.5000000,0.0,*amc_sol_current_15
0.1198,-1.0943,0.012,0.017,0.0,0.0,1,1,0.5000000,0.0,*amc_sol_current_16
0.1198,-1.0763,0.012,0.017,0.0,0.0,1,1,0.5000000,0.0,*amc_sol_current_17
0.1198,-1.0583,0.012,0.017,0.0,0.0,1,1,0.5000000,0.0,*amc_sol_current_18
0.1198,-1.0403,0.012,0.017,0.0,0.0,1,1,0.5000000,0.0,*amc_sol_current_19
0.1198,-1.0223,0.012,0.017,0.0,0.0,1,1,0.5000000,0.0,*amc_sol_current_20
0.1198,-1.0043,0.012,0.017,0.0,0.0,1,1,0.5000000,0.0,*amc_sol_current_21
0.1198,-0.9863,0.012,0.017,0.0,0.0,1,1,0.5000000,0.0,*amc_sol_current_22
0.1198,-0.9683,0.012,0.017,0.0,0.0,1,1,0.5000000,0.0,*amc_sol_current_23
0.1198,-0.9503,0.012,0.017,0.0,0.0,1,1,0.5000000,0.0,*amc_sol_current_24
0.1198,-0.9323,0.012,0.017,0.0,0.0,1,1,0.5000000,0.0,*amc_sol_current_25
0.1198,-0.9143,0.012,0.017,0.0,0.0,1,1,0.5000000,0.0,*amc_sol_current_26
0.1198,-0.8963,0.012,0.017,0.0,0.0,1,1,0.5000000,0.0,*amc_sol_current_27
0.1198,-0.8783,0.012,0.017,0.0,0.0,1,1,0.5000000,0.0,*amc_sol_current_28
0.1198,-0.8603,0.012,0.017,0.0,0.0,1,1,0.5000000,0.0,*amc_sol_current_29
0.1198,-0.8423,0.012,0.017,0.0,0.0,1,1,0.5000000,0.0,*amc_sol_current_30
0.1198,-0.8243,0.012,0.017,0.0,0.0,1,1,0.5000000,0.0,*amc_sol_current_31
0.1198,-0.8063,0.012,0.017,0.0,0.0,1,1,0.5000000,0.0,*amc_sol_current_32
0.1198,-0.7883,0.012,0.017,0.0,0.0,1,1,0.5000000,0.0,*amc_sol_current_33
0.1198,-0.7703,0.012,0.017,0.0,0.0,1,1,0.5000000,0.0,*amc_sol_current_34
0.1198,-0.7523,0.012,0.017,0.0,0.0,1,1,0.5000000,0.0,*amc_sol_current_35
0.1198,-0.7343,0.012,0.017,0.0,0.0,1,1,0.5000000,0.0,*amc_sol_current_36
0.1198,-0.7163,0.012,0.017,0.0,0.0,1,1,0.5000000,0.0,*amc_sol_current_37
0.1198,-0.6983,0.012,0.017,0.0,0.0,1,1,0.5000000,0.0,*amc_sol_current_38
0.1198,-0.6803,0.012,0.017,0.0,0.0,1,1,0.5000000,0.0,*amc_sol_current_39
0.1198,-0.6623,0.012,0.017,0.0,0.0,1,1,0.5000000,0.0,*amc_sol_current_40
0.1198,-0.6443,0.012,0.017,0.0,0.0,1,1,0.5000000,0.0,*amc_sol_current_41
0.1198,-0.6263,0.012,0.017,0.0,0.0,1,1,0.5000000,0.0,*amc_sol_current_42
0.1198,-0.6083,0.012,0.017,0.0,0.0,1,1,0.5000000,0.0,*amc_sol_current_43
0.1198,-0.5903,0.012,0.017,0.0,0.0,1,1,0.5000000,0.0,*amc_sol_current_44
0.1198,-0.5723,0.012,0.017,0.0,0.0,1,1,0.5000000,0.0,*amc_sol_current_45
0.1198,-0.5543,0.012,0.017,0.0,0.0,1,1,0.5000000,0.0,*amc_sol_current_46
0.1198,-0.5363,0.012,0.017,0.0,0.0,1,1,0.5000000,0.0,*amc_sol_current_47
0.1198,-0.5183,0.012,0.017,0.0,0.0,1,1,0.5000000,0.0,*amc_sol_current_48
0.1198,-0.5003,0.012,0.017,0.0,0.0,1,1,0.5000000,0.0,*amc_sol_current_49
0.1198,-0.4823,0.012,0.017,0.0,0.0,1,1,0.5000000,0.0,*amc_sol_current_50
0.1198,-0.4643,0.012,0.017,0.0,0.0,1,1,0.5000000,0.0,*amc_sol_current_51
0.1198,-0.4463,0.012,0.017,0.0,0.0,1,1,0.5000000,0.0,*amc_sol_current_52
0.1198,-0.4283,0.012,0.017,0.0,0.0,1,1,0.5000000,0.0,*amc_sol_current_53
0.1198,-0.4103,0.012,0.017,0.0,0.0,1,1,0.5000000,0.0,*amc_sol_current_54
0.1198,-0.3923,0.012,0.017,0.0,0.0,1,1,0.5000000,0.0,*amc_sol_current_55
0.1198,-0.3743,0.012,0.017,0.0,0.0,1,1,0.5000000,0.0,*amc_sol_current_56
0.1198,-0.3563,0.012,0.017,0.0,0.0,1,1,0.5000000,0.0,*amc_sol_current_57
0.1198,-0.3383,0.012,0.017,0.0,0.0,1,1,0.5000000,0.0,*amc_sol_current_58
0.1198,-0.3203,0.012,0.017,0.0,0.0,1,1,0.5000000,0.0,*amc_sol_current_59
0.1198,-0.3023,0.012,0.017,0.0,0.0,1,1,0.5000000,0.0,*amc_sol_current_60
0.1198,-0.2843,0.012,0.017,0.0,0.0,1,1,0.5000000,0.0,*amc_sol_current_61
0.1198,-0.2663,0.012,0.017,0.0,0.0,1,1,0.5000000,0.0,*amc_sol_current_62
0.1198,-0.2483,0.012,0.017,0.0,0.0,1,1,0.5000000,0.0,*amc_sol_current_63
0.1198,-0.2303,0.012,0.017,0.0,0.0,1,1,0.5000000,0.0,*amc_sol_current_64
0.1198,-0.2123,0.012,0.017,0.0,0.0,1,1,0.5000000,0.0,*amc_sol_current_65
0.1198,-0.1943,0.012,0.017,0.0,0.0,1,1,0.5000000,0.0,*amc_sol_current_66
0.1198,-0.1763,0.012,0.017,0.0,0.0,1,1,0.5000000,0.0,*amc_sol_current_67
0.1198,-0.1583,0.012,0.017,0.0,0.0,1,1,0.5000000,0.0,*amc_sol_current_68
0.1198,-0.1403,0.012,0.017,0.0,0.0,1,1,0.5000000,0.0,*amc_sol_current_69
0.1198,-0.1223,0.012,0.017,0.0,0.0,1,1,0.5000000,0.0,*amc_sol_current_70
0.1198,-0.1043,0.012,0.017,0.0,0.0,1,1,0.5000000,0.0,*amc_sol_current_71
0.1198,-0.0863,0.012,0.017,0.0,0.0,1,1,0.5000000,0.0,*amc_sol_current_72
0.1198,-0.0683,0.012,0.017,0.0,0.0,1,1,0.5000000,0.0,*amc_sol_current_73
0.1198,-0.0503,0.012,0.017,0.0,0.0,1,1,0.5000000,0.0,*amc_sol_current_74
0.1198,-0.0323,0.012,0.017,0.0,0.0,1,1,0.5000000,0.0,*amc_sol_current_75
0.1198,-0.0143,0.012,0.017,0.0,0.0,1,1,0.5000000,0.0,*amc_sol_current_76
0.1198,0.0037,0.012,0.017,0.0,0.0,1,1,0.5000000,0.0,*amc_sol_current_77
0.1198,0.0217,0.012,0.017,0.0,0.0,1,1,0.5000000,0.0,*amc_sol_current_78
0.1198,0.0397,0.012,0.017,0.0,0.0,1,1,0.5000000,0.0,*amc_sol_current_79
0.1198,0.0577,0.012,0.017,0.0,0.0,1,1,0.5000000,0.0,*amc_sol_current_80
0.1198,0.0757,0.012,0.017,0.0,0.0,1,1,0.5000000,0.0,*amc_sol_current_81
0.1198,0.0937,0.012,0.017,0.0,0.0,1,1,0.5000000,0.0,*amc_sol_current_82
0.1198,0.1117,0.012,0.017,0.0,0.0,1,1,0.5000000,0.0,*amc_sol_current_83
0.1198,0.1297,0.012,0.017,0.0,0.0,1,1,0.5000000,0.0,*amc_sol_current_84
0.1198,0.1477,0.012,0.017,0.0,0.0,1,1,0.5000000,0.0,*amc_sol_current_85
0.1198,0.1657,0.012,0.017,0.0,0.0,1,1,0.5000000,0.0,*amc_sol_current_86
0.1198,0.1837,0.012,0.017,0.0,0.0,1,1,0.5000000,0.0,*amc_sol_current_87
0.1198,0.2017,0.012,0.017,0.0,0.0,1,1,0.5000000,0.0,*amc_sol_current_88
0.1198,0.2197,0.012,0.017,0.0,0.0,1,1,0.5000000,0.0,*amc_sol_current_89
0.1198,0.2377,0.012,0.017,0.0,0.0,1,1,0.5000000,0.0,*amc_sol_current_90
0.1198,0.2557,0.012,0.017,0.0,0.0,1,1,0.5000000,0.0,*amc_sol_current_91
0.1198,0.2737,0.012,0.017,0.0,0.0,1,1,0.5000000,0.0,*amc_sol_current_92
0.1198,0.2917,0.012,0.017,0.0,0.0,1,1,0.5000000,0.0,*amc_sol_current_93
0.1198,0.3097,0.012,0.017,0.0,0.0,1,1,0.5000000,0.0,*amc_sol_current_94
0.1198,0.3277,0.012,0.017,0.0,0.0,1,1,0.5000000,0.0,*amc_sol_current_95
0.1198,0.3457,0.012,0.017,0.0,0.0,1,1,0.5000000,0.0,*amc_sol_current_96
0.1198,0.3637,0.012,0.017,0.0,0.0,1,1,0.5000000,0.0,*amc_sol_current_97
0.1198,0.3817,0.012,0.017,0.0,0.0,1,1,0.5000000,0.0,*amc_sol_current_98
0.1198,0.3997,0.012,0.017,0.0,0.0,1,1,0.5000000,0.0,*amc_sol_current_99
0.1198,0.4177,0.012,0.017,0.0,0.0,1,1,0.5000000,0.0,*amc_sol_current_100
0.1198,0.4357,0.012,0.017,0.0,0.0,1,1,0.5000000,0.0,*amc_sol_current_101
0.1198,0.4537,0.012,0.017,0.0,0.0,1,1,0.5000000,0.0,*amc_sol_current_102
0.1198,0.4717,0.012,0.017,0.0,0.0,1,1,0.5000000,0.0,*amc_sol_current_103
0.1198,0.4897,0.012,0.017,0.0,0.0,1,1,0.5000000,0.0,*amc_sol_current_104
0.1198,0.5077,0.012,0.017,0.0,0.0,1,1,0.5000000,0.0,*amc_sol_current_105
0.1198,0.5257,0.012,0.017,0.0,0.0,1,1,0.5000000,0.0,*amc_sol_current_106
0.1198,0.5437,0.012,0.017,0.0,0.0,1,1,0.5000000,0.0,*amc_sol_current_107
0.1198,0.5617,0.012,0.017,0.0,0.0,1,1,0.5000000,0.0,*amc_sol_current_108
0.1198,0.5797,0.012,0.017,0.0,0.0,1,1,0.5000000,0.0,*amc_sol_current_109
0.1198,0.5977,0.012,0.017,0.0,0.0,1,1,0.5000000,0.0,*amc_sol_current_110
0.1198,0.6157,0.012,0.017,0.0,0.0,1,1,0.5000000,0.0,*amc_sol_current_111
0.1198,0.6337,0.012,0.017,0.0,0.0,1,1,0.5000000,0.0,*amc_sol_current_112
0.1198,0.6517,0.012,0.017,0.0,0.0,1,1,0.5000000,0.0,*amc_sol_current_113
0.1198,0.6697,0.012,0.017,0.0,0.0,1,1,0.5000000,0.0,*amc_sol_current_114
0.1198,0.6877,0.012,0.017,0.0,0.0,1,1,0.5000000,0.0,*amc_sol_current_115
0.1198,0.7057,0.012,0.017,0.0,0.0,1,1,0.5000000,0.0,*amc_sol_current_116
0.1198,0.7237,0.012,0.017,0.0,0.0,1,1,0.5000000,0.0,*amc_sol_current_117
0.1198,0.7417,0.012,0.017,0.0,0.0,1,1,0.5000000,0.0,*amc_sol_current_118
0.1198,0.7597,0.012,0.017,0.0,0.0,1,1,0.5000000,0.0,*amc_sol_current_119
0.1198,0.7777,0.012,0.017,0.0,0.0,1,1,0.5000000,0.0,*amc_sol_current_120
0.1198,0.7957,0.012,0.017,0.0,0.0,1,1,0.5000000,0.0,*amc_sol_current_121
0.1198,0.8137,0.012,0.017,0.0,0.0,1,1,0.5000000,0.0,*amc_sol_current_122
0.1198,0.8317,0.012,0.017,0.0,0.0,1,1,0.5000000,0.0,*amc_sol_current_123
0.1198,0.8497,0.012,0.017,0.0,0.0,1,1,0.5000000,0.0,*amc_sol_current_124
0.1198,0.8677,0.012,0.017,0.0,0.0,1,1,0.5000000,0.0,*amc_sol_current_125
0.1198,0.8857,0.012,0.017,0.0,0.0,1,1,0.5000000,0.0,*amc_sol_current_126
0.1198,0.9037,0.012,0.017,0.0,0.0,1,1,0.5000000,0.0,*amc_sol_current_127
0.1198,0.9217,0.012,0.017,0.0,0.0,1,1,0.5000000,0.0,*amc_sol_current_128
0.1198,0.9397,0.012,0.017,0.0,0.0,1,1,0.5000000,0.0,*amc_sol_current_129
0.1198,0.9577,0.012,0.017,0.0,0.0,1,1,0.5000000,0.0,*amc_sol_current_130
0.1198,0.9757,0.012,0.017,0.0,0.0,1,1,0.5000000,0.0,*amc_sol_current_131
0.1198,0.9937,0.012,0.017,0.0,0.0,1,1,0.5000000,0.0,*amc_sol_current_132
0.1198,1.0117,0.012,0.017,0.0,0.0,1,1,0.5000000,0.0,*amc_sol_current_133
0.1198,1.0297,0.012,0.017,0.0,0.0,1,1,0.5000000,0.0,*amc_sol_current_134
0.1198,1.0477,0.012,0.017,0.0,0.0,1,1,0.5000000,0.0,*amc_sol_current_135
0.1198,1.0657,0.012,0.017,0.0,0.0,1,1,0.5000000,0.0,*amc_sol_current_136
0.1198,1.0837,0.012,0.017,0.0,0.0,1,1,0.5000000,0.0,*amc_sol_current_137
0.1198,1.1017,0.012,0.017,0.0,0.0,1,1,0.5000000,0.0,*amc_sol_current_138
0.1198,1.1197,0.012,0.017,0.0,0.0,1,1,0.5000000,0.0,*amc_sol_current_139
0.1198,1.1377,0.012,0.017,0.0,0.0,1,1,0.5000000,0.0,*amc_sol_current_140
0.1198,1.1557,0.012,0.017,0.0,0.0,1,1,0.5000000,0.0,*amc_sol_current_141
0.1198,1.1737,0.012,0.017,0.0,0.0,1,1,0.5000000,0.0,*amc_sol_current_142
0.1198,1.1917,0.012,0.017,0.0,0.0,1,1,0.5000000,0.0,*amc_sol_current_143
0.1198,1.2097,0.012,0.017,0.0,0.0,1,1,0.5000000,0.0,*amc_sol_current_144
0.1198,1.2277,0.012,0.017,0.0,0.0,1,1,0.5000000,0.0,*amc_sol_current_145
0.1198,1.2457,0.012,0.017,0.0,0.0,1,1,0.5000000,0.0,*amc_sol_current_146
0.1198,1.2637,0.012,0.017,0.0,0.0,1,1,0.5000000,0.0,*amc_sol_current_147
0.1198,1.2817,0.012,0.017,0.0,0.0,1,1,0.5000000,0.0,*amc_sol_current_148
0.1198,1.2997,0.012,0.017,0.0,0.0,1,1,0.5000000,0.0,*amc_sol_current_149
0.1198,1.3177,0.012,0.017,0.0,0.0,1,1,0.5000000,0.0,*amc_sol_current_150
0.1198,1.3357,0.012,0.017,0.0,0.0,1,1,0.5000000,0.0,*amc_sol_current_151
0.1198,1.3537,0.012,0.017,0.0,0.0,1,1,0.5000000,0.0,*amc_sol_current_152
0.1332,-1.3643,0.012,0.017,0.0,0.0,1,1,0.5000000,0.0,*amc_sol_current_153
0.1332,-1.3463,0.012,0.017,0.0,0.0,1,1,0.5000000,0.0,*amc_sol_current_154
0.1332,-1.3283,0.012,0.017,0.0,0.0,1,1,0.5000000,0.0,*amc_sol_current_155
0.1332,-1.3103,0.012,0.017,0.0,0.0,1,1,0.5000000,0.0,*amc_sol_current_156
0.1332,-1.2923,0.012,0.017,0.0,0.0,1,1,0.5000000,0.0,*amc_sol_current_157
0.1332,-1.2743,0.012,0.017,0.0,0.0,1,1,0.5000000,0.0,*amc_sol_current_158
0.1332,-1.2563,0.012,0.017,0.0,0.0,1,1,0.5000000,0.0,*amc_sol_current_159
0.1332,-1.2383,0.012,0.017,0.0,0.0,1,1,0.5000000,0.0,*amc_sol_current_160
0.1332,-1.2203,0.012,0.017,0.0,0.0,1,1,0.5000000,0.0,*amc_sol_current_161
0.1332,-1.2023,0.012,0.017,0.0,0.0,1,1,0.5000000,0.0,*amc_sol_current_162
0.1332,-1.1843,0.012,0.017,0.0,0.0,1,1,0.5000000,0.0,*amc_sol_current_163
0.1332,-1.1663,0.012,0.017,0.0,0.0,1,1,0.5000000,0.0,*amc_sol_current_164
0.1332,-1.1483,0.012,0.017,0.0,0.0,1,1,0.5000000,0.0,*amc_sol_current_165
0.1332,-1.1303,0.012,0.017,0.0,0.0,1,1,0.5000000,0.0,*amc_sol_current_166
0.1332,-1.1123,0.012,0.017,0.0,0.0,1,1,0.5000000,0.0,*amc_sol_current_167
0.1332,-1.0943,0.012,0.017,0.0,0.0,1,1,0.5000000,0.0,*amc_sol_current_168
0.1332,-1.0763,0.012,0.017,0.0,0.0,1,1,0.5000000,0.0,*amc_sol_current_169
0.1332,-1.0583,0.012,0.017,0.0,0.0,1,1,0.5000000,0.0,*amc_sol_current_170
0.1332,-1.0403,0.012,0.017,0.0,0.0,1,1,0.5000000,0.0,*amc_sol_current_171
0.1332,-1.0223,0.012,0.017,0.0,0.0,1,1,0.5000000,0.0,*amc_sol_current_172
0.1332,-1.0043,0.012,0.017,0.0,0.0,1,1,0.5000000,0.0,*amc_sol_current_173
0.1332,-0.9863,0.012,0.017,0.0,0.0,1,1,0.5000000,0.0,*amc_sol_current_174
0.1332,-0.9683,0.012,0.017,0.0,0.0,1,1,0.5000000,0.0,*amc_sol_current_175
0.1332,-0.9503,0.012,0.017,0.0,0.0,1,1,0.5000000,0.0,*amc_sol_current_176
0.1332,-0.9323,0.012,0.017,0.0,0.0,1,1,0.5000000,0.0,*amc_sol_current_177
0.1332,-0.9143,0.012,0.017,0.0,0.0,1,1,0.5000000,0.0,*amc_sol_current_178
0.1332,-0.8963,0.012,0.017,0.0,0.0,1,1,0.5000000,0.0,*amc_sol_current_179
0.1332,-0.8783,0.012,0.017,0.0,0.0,1,1,0.5000000,0.0,*amc_sol_current_180
0.1332,-0.8603,0.012,0.017,0.0,0.0,1,1,0.5000000,0.0,*amc_sol_current_181
0.1332,-0.8423,0.012,0.017,0.0,0.0,1,1,0.5000000,0.0,*amc_sol_current_182
0.1332,-0.8243,0.012,0.017,0.0,0.0,1,1,0.5000000,0.0,*amc_sol_current_183
0.1332,-0.8063,0.012,0.017,0.0,0.0,1,1,0.5000000,0.0,*amc_sol_current_184
0.1332,-0.7883,0.012,0.017,0.0,0.0,1,1,0.5000000,0.0,*amc_sol_current_185
0.1332,-0.7703,0.012,0.017,0.0,0.0,1,1,0.5000000,0.0,*amc_sol_current_186
0.1332,-0.7523,0.012,0.017,0.0,0.0,1,1,0.5000000,0.0,*amc_sol_current_187
0.1332,-0.7343,0.012,0.017,0.0,0.0,1,1,0.5000000,0.0,*amc_sol_current_188
0.1332,-0.7163,0.012,0.017,0.0,0.0,1,1,0.5000000,0.0,*amc_sol_current_189
0.1332,-0.6983,0.012,0.017,0.0,0.0,1,1,0.5000000,0.0,*amc_sol_current_190
0.1332,-0.6803,0.012,0.017,0.0,0.0,1,1,0.5000000,0.0,*amc_sol_current_191
0.1332,-0.6623,0.012,0.017,0.0,0.0,1,1,0.5000000,0.0,*amc_sol_current_192
0.1332,-0.6443,0.012,0.017,0.0,0.0,1,1,0.5000000,0.0,*amc_sol_current_193
0.1332,-0.6263,0.012,0.017,0.0,0.0,1,1,0.5000000,0.0,*amc_sol_current_194
0.1332,-0.6083,0.012,0.017,0.0,0.0,1,1,0.5000000,0.0,*amc_sol_current_195
0.1332,-0.5903,0.012,0.017,0.0,0.0,1,1,0.5000000,0.0,*amc_sol_current_196
0.1332,-0.5723,0.012,0.017,0.0,0.0,1,1,0.5000000,0.0,*amc_sol_current_197
0.1332,-0.5543,0.012,0.017,0.0,0.0,1,1,0.5000000,0.0,*amc_sol_current_198
0.1332,-0.5363,0.012,0.017,0.0,0.0,1,1,0.5000000,0.0,*amc_sol_current_199
0.1332,-0.5183,0.012,0.017,0.0,0.0,1,1,0.5000000,0.0,*amc_sol_current_200
0.1332,-0.5003,0.012,0.017,0.0,0.0,1,1,0.5000000,0.0,*amc_sol_current_201
0.1332,-0.4823,0.012,0.017,0.0,0.0,1,1,0.5000000,0.0,*amc_sol_current_202
0.1332,-0.4643,0.012,0.017,0.0,0.0,1,1,0.5000000,0.0,*amc_sol_current_203
0.1332,-0.4463,0.012,0.017,0.0,0.0,1,1,0.5000000,0.0,*amc_sol_current_204
0.1332,-0.4283,0.012,0.017,0.0,0.0,1,1,0.5000000,0.0,*amc_sol_current_205
0.1332,-0.4103,0.012,0.017,0.0,0.0,1,1,0.5000000,0.0,*amc_sol_current_206
0.1332,-0.3923,0.012,0.017,0.0,0.0,1,1,0.5000000,0.0,*amc_sol_current_207
0.1332,-0.3743,0.012,0.017,0.0,0.0,1,1,0.5000000,0.0,*amc_sol_current_208
0.1332,-0.3563,0.012,0.017,0.0,0.0,1,1,0.5000000,0.0,*amc_sol_current_209
0.1332,-0.3383,0.012,0.017,0.0,0.0,1,1,0.5000000,0.0,*amc_sol_current_210
0.1332,-0.3203,0.012,0.017,0.0,0.0,1,1,0.5000000,0.0,*amc_sol_current_211
0.1332,-0.3023,0.012,0.017,0.0,0.0,1,1,0.5000000,0.0,*amc_sol_current_212
0.1332,-0.2843,0.012,0.017,0.0,0.0,1,1,0.5000000,0.0,*amc_sol_current_213
0.1332,-0.2663,0.012,0.017,0.0,0.0,1,1,0.5000000,0.0,*amc_sol_current_214
0.1332,-0.2483,0.012,0.017,0.0,0.0,1,1,0.5000000,0.0,*amc_sol_current_215
0.1332,-0.2303,0.012,0.017,0.0,0.0,1,1,0.5000000,0.0,*amc_sol_current_216
0.1332,-0.2123,0.012,0.017,0.0,0.0,1,1,0.5000000,0.0,*amc_sol_current_217
0.1332,-0.1943,0.012,0.017,0.0,0.0,1,1,0.5000000,0.0,*amc_sol_current_218
0.1332,-0.1763,0.012,0.017,0.0,0.0,1,1,0.5000000,0.0,*amc_sol_current_219
0.1332,-0.1583,0.012,0.017,0.0,0.0,1,1,0.5000000,0.0,*amc_sol_current_220
0.1332,-0.1403,0.012,0.017,0.0,0.0,1,1,0.5000000,0.0,*amc_sol_current_221
0.1332,-0.1223,0.012,0.017,0.0,0.0,1,1,0.5000000,0.0,*amc_sol_current_222
0.1332,-0.1043,0.012,0.017,0.0,0.0,1,1,0.5000000,0.0,*amc_sol_current_223
0.1332,-0.0863,0.012,0.017,0.0,0.0,1,1,0.5000000,0.0,*amc_sol_current_224
0.1332,-0.0683,0.012,0.017,0.0,0.0,1,1,0.5000000,0.0,*amc_sol_current_225
0.1332,-0.0503,0.012,0.017,0.0,0.0,1,1,0.5000000,0.0,*amc_sol_current_226
0.1332,-0.0323,0.012,0.017,0.0,0.0,1,1,0.5000000,0.0,*amc_sol_current_227
0.1332,-0.0143,0.012,0.017,0.0,0.0,1,1,0.5000000,0.0,*amc_sol_current_228
0.1332,0.0037,0.012,0.017,0.0,0.0,1,1,0.5000000,0.0,*amc_sol_current_229
0.1332,0.0217,0.012,0.017,0.0,0.0,1,1,0.5000000,0.0,*amc_sol_current_230
0.1332,0.0397,0.012,0.017,0.0,0.0,1,1,0.5000000,0.0,*amc_sol_current_231
0.1332,0.0577,0.012,0.017,0.0,0.0,1,1,0.5000000,0.0,*amc_sol_current_232
0.1332,0.0757,0.012,0.017,0.0,0.0,1,1,0.5000000,0.0,*amc_sol_current_233
0.1332,0.0937,0.012,0.017,0.0,0.0,1,1,0.5000000,0.0,*amc_sol_current_234
0.1332,0.1117,0.012,0.017,0.0,0.0,1,1,0.5000000,0.0,*amc_sol_current_235
0.1332,0.1297,0.012,0.017,0.0,0.0,1,1,0.5000000,0.0,*amc_sol_current_236
0.1332,0.1477,0.012,0.017,0.0,0.0,1,1,0.5000000,0.0,*amc_sol_current_237
0.1332,0.1657,0.012,0.017,0.0,0.0,1,1,0.5000000,0.0,*amc_sol_current_238
0.1332,0.1837,0.012,0.017,0.0,0.0,1,1,0.5000000,0.0,*amc_sol_current_239
0.1332,0.2017,0.012,0.017,0.0,0.0,1,1,0.5000000,0.0,*amc_sol_current_240
0.1332,0.2197,0.012,0.017,0.0,0.0,1,1,0.5000000,0.0,*amc_sol_current_241
0.1332,0.2377,0.012,0.017,0.0,0.0,1,1,0.5000000,0.0,*amc_sol_current_242
0.1332,0.2557,0.012,0.017,0.0,0.0,1,1,0.5000000,0.0,*amc_sol_current_243
0.1332,0.2737,0.012,0.017,0.0,0.0,1,1,0.5000000,0.0,*amc_sol_current_244
0.1332,0.2917,0.012,0.017,0.0,0.0,1,1,0.5000000,0.0,*amc_sol_current_245
0.1332,0.3097,0.012,0.017,0.0,0.0,1,1,0.5000000,0.0,*amc_sol_current_246
0.1332,0.3277,0.012,0.017,0.0,0.0,1,1,0.5000000,0.0,*amc_sol_current_247
0.1332,0.3457,0.012,0.017,0.0,0.0,1,1,0.5000000,0.0,*amc_sol_current_248
0.1332,0.3637,0.012,0.017,0.0,0.0,1,1,0.5000000,0.0,*amc_sol_current_249
0.1332,0.3817,0.012,0.017,0.0,0.0,1,1,0.5000000,0.0,*amc_sol_current_250
0.1332,0.3997,0.012,0.017,0.0,0.0,1,1,0.5000000,0.0,*amc_sol_current_251
0.1332,0.4177,0.012,0.017,0.0,0.0,1,1,0.5000000,0.0,*amc_sol_current_252
0.1332,0.4357,0.012,0.017,0.0,0.0,1,1,0.5000000,0.0,*amc_sol_current_253
0.1332,0.4537,0.012,0.017,0.0,0.0,1,1,0.5000000,0.0,*amc_sol_current_254
0.1332,0.4717,0.012,0.017,0.0,0.0,1,1,0.5000000,0.0,*amc_sol_current_255
0.1332,0.4897,0.012,0.017,0.0,0.0,1,1,0.5000000,0.0,*amc_sol_current_256
0.1332,0.5077,0.012,0.017,0.0,0.0,1,1,0.5000000,0.0,*amc_sol_current_257
0.1332,0.5257,0.012,0.017,0.0,0.0,1,1,0.5000000,0.0,*amc_sol_current_258
0.1332,0.5437,0.012,0.017,0.0,0.0,1,1,0.5000000,0.0,*amc_sol_current_259
0.1332,0.5617,0.012,0.017,0.0,0.0,1,1,0.5000000,0.0,*amc_sol_current_260
0.1332,0.5797,0.012,0.017,0.0,0.0,1,1,0.5000000,0.0,*amc_sol_current_261
0.1332,0.5977,0.012,0.017,0.0,0.0,1,1,0.5000000,0.0,*amc_sol_current_262
0.1332,0.6157,0.012,0.017,0.0,0.0,1,1,0.5000000,0.0,*amc_sol_current_263
0.1332,0.6337,0.012,0.017,0.0,0.0,1,1,0.5000000,0.0,*amc_sol_current_264
0.1332,0.6517,0.012,0.017,0.0,0.0,1,1,0.5000000,0.0,*amc_sol_current_265
0.1332,0.6697,0.012,0.017,0.0,0.0,1,1,0.5000000,0.0,*amc_sol_current_266
0.1332,0.6877,0.012,0.017,0.0,0.0,1,1,0.5000000,0.0,*amc_sol_current_267
0.1332,0.7057,0.012,0.017,0.0,0.0,1,1,0.5000000,0.0,*amc_sol_current_268
0.1332,0.7237,0.012,0.017,0.0,0.0,1,1,0.5000000,0.0,*amc_sol_current_269
0.1332,0.7417,0.012,0.017,0.0,0.0,1,1,0.5000000,0.0,*amc_sol_current_270
0.1332,0.7597,0.012,0.017,0.0,0.0,1,1,0.5000000,0.0,*amc_sol_current_271
0.1332,0.7777,0.012,0.017,0.0,0.0,1,1,0.5000000,0.0,*amc_sol_current_272
0.1332,0.7957,0.012,0.017,0.0,0.0,1,1,0.5000000,0.0,*amc_sol_current_273
0.1332,0.8137,0.012,0.017,0.0,0.0,1,1,0.5000000,0.0,*amc_sol_current_274
0.1332,0.8317,0.012,0.017,0.0,0.0,1,1,0.5000000,0.0,*amc_sol_current_275
0.1332,0.8497,0.012,0.017,0.0,0.0,1,1,0.5000000,0.0,*amc_sol_current_276
0.1332,0.8677,0.012,0.017,0.0,0.0,1,1,0.5000000,0.0,*amc_sol_current_277
0.1332,0.8857,0.012,0.017,0.0,0.0,1,1,0.5000000,0.0,*amc_sol_current_278
0.1332,0.9037,0.012,0.017,0.0,0.0,1,1,0.5000000,0.0,*amc_sol_current_279
0.1332,0.9217,0.012,0.017,0.0,0.0,1,1,0.5000000,0.0,*amc_sol_current_280
0.1332,0.9397,0.012,0.017,0.0,0.0,1,1,0.5000000,0.0,*amc_sol_current_281
0.1332,0.9577,0.012,0.017,0.0,0.0,1,1,0.5000000,0.0,*amc_sol_current_282
0.1332,0.9757,0.012,0.017,0.0,0.0,1,1,0.5000000,0.0,*amc_sol_current_283
0.1332,0.9937,0.012,0.017,0.0,0.0,1,1,0.5000000,0.0,*amc_sol_current_284
0.1332,1.0117,0.012,0.017,0.0,0.0,1,1,0.5000000,0.0,*amc_sol_current_285
0.1332,1.0297,0.012,0.017,0.0,0.0,1,1,0.5000000,0.0,*amc_sol_current_286
0.1332,1.0477,0.012,0.017,0.0,0.0,1,1,0.5000000,0.0,*amc_sol_current_287
0.1332,1.0657,0.012,0.017,0.0,0.0,1,1,0.5000000,0.0,*amc_sol_current_288
0.1332,1.0837,0.012,0.017,0.0,0.0,1,1,0.5000000,0.0,*amc_sol_current_289
0.1332,1.1017,0.012,0.017,0.0,0.0,1,1,0.5000000,0.0,*amc_sol_current_290
0.1332,1.1197,0.012,0.017,0.0,0.0,1,1,0.5000000,0.0,*amc_sol_current_291
0.1332,1.1377,0.012,0.017,0.0,0.0,1,1,0.5000000,0.0,*amc_sol_current_292
0.1332,1.1557,0.012,0.017,0.0,0.0,1,1,0.5000000,0.0,*amc_sol_current_293
0.1332,1.1737,0.012,0.017,0.0,0.0,1,1,0.5000000,0.0,*amc_sol_current_294
0.1332,1.1917,0.012,0.017,0.0,0.0,1,1,0.5000000,0.0,*amc_sol_current_295
0.1332,1.2097,0.012,0.017,0.0,0.0,1,1,0.5000000,0.0,*amc_sol_current_296
0.1332,1.2277,0.012,0.017,0.0,0.0,1,1,0.5000000,0.0,*amc_sol_current_297
0.1332,1.2457,0.012,0.017,0.0,0.0,1,1,0.5000000,0.0,*amc_sol_current_298
0.1332,1.2637,0.012,0.017,0.0,0.0,1,1,0.5000000,0.0,*amc_sol_current_299
0.1332,1.2817,0.012,0.017,0.0,0.0,1,1,0.5000000,0.0,*amc_sol_current_300
0.1332,1.2997,0.012,0.017,0.0,0.0,1,1,0.5000000,0.0,*amc_sol_current_301
0.1332,1.3177,0.012,0.017,0.0,0.0,1,1,0.5000000,0.0,*amc_sol_current_302
0.1332,1.3357,0.012,0.017,0.0,0.0,1,1,0.5000000,0.0,*amc_sol_current_303
0.1332,1.3537,0.012,0.017,0.0,0.0,1,1,0.5000000,0.0,*amc_sol_current_304
0.1468,-1.3643,0.012,0.017,0.0,0.0,1,1,0.5000000,0.0,*amc_sol_current_305
0.1468,-1.3463,0.012,0.017,0.0,0.0,1,1,0.5000000,0.0,*amc_sol_current_306
0.1468,-1.3283,0.012,0.017,0.0,0.0,1,1,0.5000000,0.0,*amc_sol_current_307
0.1468,-1.3103,0.012,0.017,0.0,0.0,1,1,0.5000000,0.0,*amc_sol_current_308
0.1468,-1.2923,0.012,0.017,0.0,0.0,1,1,0.5000000,0.0,*amc_sol_current_309
0.1468,-1.2743,0.012,0.017,0.0,0.0,1,1,0.5000000,0.0,*amc_sol_current_310
0.1468,-1.2563,0.012,0.017,0.0,0.0,1,1,0.5000000,0.0,*amc_sol_current_311
0.1468,-1.2383,0.012,0.017,0.0,0.0,1,1,0.5000000,0.0,*amc_sol_current_312
0.1468,-1.2203,0.012,0.017,0.0,0.0,1,1,0.5000000,0.0,*amc_sol_current_313
0.1468,-1.2023,0.012,0.017,0.0,0.0,1,1,0.5000000,0.0,*amc_sol_current_314
0.1468,-1.1843,0.012,0.017,0.0,0.0,1,1,0.5000000,0.0,*amc_sol_current_315
0.1468,-1.1663,0.012,0.017,0.0,0.0,1,1,0.5000000,0.0,*amc_sol_current_316
0.1468,-1.1483,0.012,0.017,0.0,0.0,1,1,0.5000000,0.0,*amc_sol_current_317
0.1468,-1.1303,0.012,0.017,0.0,0.0,1,1,0.5000000,0.0,*amc_sol_current_318
0.1468,-1.1123,0.012,0.017,0.0,0.0,1,1,0.5000000,0.0,*amc_sol_current_319
0.1468,-1.0943,0.012,0.017,0.0,0.0,1,1,0.5000000,0.0,*amc_sol_current_320
0.1468,-1.0763,0.012,0.017,0.0,0.0,1,1,0.5000000,0.0,*amc_sol_current_321
0.1468,-1.0583,0.012,0.017,0.0,0.0,1,1,0.5000000,0.0,*amc_sol_current_322
0.1468,-1.0403,0.012,0.017,0.0,0.0,1,1,0.5000000,0.0,*amc_sol_current_323
0.1468,-1.0223,0.012,0.017,0.0,0.0,1,1,0.5000000,0.0,*amc_sol_current_324
0.1468,-1.0043,0.012,0.017,0.0,0.0,1,1,0.5000000,0.0,*amc_sol_current_325
0.1468,-0.9863,0.012,0.017,0.0,0.0,1,1,0.5000000,0.0,*amc_sol_current_326
0.1468,-0.9683,0.012,0.017,0.0,0.0,1,1,0.5000000,0.0,*amc_sol_current_327
0.1468,-0.9503,0.012,0.017,0.0,0.0,1,1,0.5000000,0.0,*amc_sol_current_328
0.1468,-0.9323,0.012,0.017,0.0,0.0,1,1,0.5000000,0.0,*amc_sol_current_329
0.1468,-0.9143,0.012,0.017,0.0,0.0,1,1,0.5000000,0.0,*amc_sol_current_330
0.1468,-0.8963,0.012,0.017,0.0,0.0,1,1,0.5000000,0.0,*amc_sol_current_331
0.1468,-0.8783,0.012,0.017,0.0,0.0,1,1,0.5000000,0.0,*amc_sol_current_332
0.1468,-0.8603,0.012,0.017,0.0,0.0,1,1,0.5000000,0.0,*amc_sol_current_333
0.1468,-0.8423,0.012,0.017,0.0,0.0,1,1,0.5000000,0.0,*amc_sol_current_334
0.1468,-0.8243,0.012,0.017,0.0,0.0,1,1,0.5000000,0.0,*amc_sol_current_335
0.1468,-0.8063,0.012,0.017,0.0,0.0,1,1,0.5000000,0.0,*amc_sol_current_336
0.1468,-0.7883,0.012,0.017,0.0,0.0,1,1,0.5000000,0.0,*amc_sol_current_337
0.1468,-0.7703,0.012,0.017,0.0,0.0,1,1,0.5000000,0.0,*amc_sol_current_338
0.1468,-0.7523,0.012,0.017,0.0,0.0,1,1,0.5000000,0.0,*amc_sol_current_339
0.1468,-0.7343,0.012,0.017,0.0,0.0,1,1,0.5000000,0.0,*amc_sol_current_340
0.1468,-0.7163,0.012,0.017,0.0,0.0,1,1,0.5000000,0.0,*amc_sol_current_341
0.1468,-0.6983,0.012,0.017,0.0,0.0,1,1,0.5000000,0.0,*amc_sol_current_342
0.1468,-0.6803,0.012,0.017,0.0,0.0,1,1,0.5000000,0.0,*amc_sol_current_343
0.1468,-0.6623,0.012,0.017,0.0,0.0,1,1,0.5000000,0.0,*amc_sol_current_344
0.1468,-0.6443,0.012,0.017,0.0,0.0,1,1,0.5000000,0.0,*amc_sol_current_345
0.1468,-0.6263,0.012,0.017,0.0,0.0,1,1,0.5000000,0.0,*amc_sol_current_346
0.1468,-0.6083,0.012,0.017,0.0,0.0,1,1,0.5000000,0.0,*amc_sol_current_347
0.1468,-0.5903,0.012,0.017,0.0,0.0,1,1,0.5000000,0.0,*amc_sol_current_348
0.1468,-0.5723,0.012,0.017,0.0,0.0,1,1,0.5000000,0.0,*amc_sol_current_349
0.1468,-0.5543,0.012,0.017,0.0,0.0,1,1,0.5000000,0.0,*amc_sol_current_350
0.1468,-0.5363,0.012,0.017,0.0,0.0,1,1,0.5000000,0.0,*amc_sol_current_351
0.1468,-0.5183,0.012,0.017,0.0,0.0,1,1,0.5000000,0.0,*amc_sol_current_352
0.1468,-0.5003,0.012,0.017,0.0,0.0,1,1,0.5000000,0.0,*amc_sol_current_353
0.1468,-0.4823,0.012,0.017,0.0,0.0,1,1,0.5000000,0.0,*amc_sol_current_354
0.1468,-0.4643,0.012,0.017,0.0,0.0,1,1,0.5000000,0.0,*amc_sol_current_355
0.1468,-0.4463,0.012,0.017,0.0,0.0,1,1,0.5000000,0.0,*amc_sol_current_356
0.1468,-0.4283,0.012,0.017,0.0,0.0,1,1,0.5000000,0.0,*amc_sol_current_357
0.1468,-0.4103,0.012,0.017,0.0,0.0,1,1,0.5000000,0.0,*amc_sol_current_358
0.1468,-0.3923,0.012,0.017,0.0,0.0,1,1,0.5000000,0.0,*amc_sol_current_359
0.1468,-0.3743,0.012,0.017,0.0,0.0,1,1,0.5000000,0.0,*amc_sol_current_360
0.1468,-0.3563,0.012,0.017,0.0,0.0,1,1,0.5000000,0.0,*amc_sol_current_361
0.1468,-0.3383,0.012,0.017,0.0,0.0,1,1,0.5000000,0.0,*amc_sol_current_362
0.1468,-0.3203,0.012,0.017,0.0,0.0,1,1,0.5000000,0.0,*amc_sol_current_363
0.1468,-0.3023,0.012,0.017,0.0,0.0,1,1,0.5000000,0.0,*amc_sol_current_364
0.1468,-0.2843,0.012,0.017,0.0,0.0,1,1,0.5000000,0.0,*amc_sol_current_365
0.1468,-0.2663,0.012,0.017,0.0,0.0,1,1,0.5000000,0.0,*amc_sol_current_366
0.1468,-0.2483,0.012,0.017,0.0,0.0,1,1,0.5000000,0.0,*amc_sol_current_367
0.1468,-0.2303,0.012,0.017,0.0,0.0,1,1,0.5000000,0.0,*amc_sol_current_368
0.1468,-0.2123,0.012,0.017,0.0,0.0,1,1,0.5000000,0.0,*amc_sol_current_369
0.1468,-0.1943,0.012,0.017,0.0,0.0,1,1,0.5000000,0.0,*amc_sol_current_370
0.1468,-0.1763,0.012,0.017,0.0,0.0,1,1,0.5000000,0.0,*amc_sol_current_371
0.1468,-0.1583,0.012,0.017,0.0,0.0,1,1,0.5000000,0.0,*amc_sol_current_372
0.1468,-0.1403,0.012,0.017,0.0,0.0,1,1,0.5000000,0.0,*amc_sol_current_373
0.1468,-0.1223,0.012,0.017,0.0,0.0,1,1,0.5000000,0.0,*amc_sol_current_374
0.1468,-0.1043,0.012,0.017,0.0,0.0,1,1,0.5000000,0.0,*amc_sol_current_375
0.1468,-0.0863,0.012,0.017,0.0,0.0,1,1,0.5000000,0.0,*amc_sol_current_376
0.1468,-0.0683,0.012,0.017,0.0,0.0,1,1,0.5000000,0.0,*amc_sol_current_377
0.1468,-0.0503,0.012,0.017,0.0,0.0,1,1,0.5000000,0.0,*amc_sol_current_378
0.1468,-0.0323,0.012,0.017,0.0,0.0,1,1,0.5000000,0.0,*amc_sol_current_379
0.1468,-0.0143,0.012,0.017,0.0,0.0,1,1,0.5000000,0.0,*amc_sol_current_380
0.1468,0.0037,0.012,0.017,0.0,0.0,1,1,0.5000000,0.0,*amc_sol_current_381
0.1468,0.0217,0.012,0.017,0.0,0.0,1,1,0.5000000,0.0,*amc_sol_current_382
0.1468,0.0397,0.012,0.017,0.0,0.0,1,1,0.5000000,0.0,*amc_sol_current_383
0.1468,0.0577,0.012,0.017,0.0,0.0,1,1,0.5000000,0.0,*amc_sol_current_384
0.1468,0.0757,0.012,0.017,0.0,0.0,1,1,0.5000000,0.0,*amc_sol_current_385
0.1468,0.0937,0.012,0.017,0.0,0.0,1,1,0.5000000,0.0,*amc_sol_current_386
0.1468,0.1117,0.012,0.017,0.0,0.0,1,1,0.5000000,0.0,*amc_sol_current_387
0.1468,0.1297,0.012,0.017,0.0,0.0,1,1,0.5000000,0.0,*amc_sol_current_388
0.1468,0.1477,0.012,0.017,0.0,0.0,1,1,0.5000000,0.0,*amc_sol_current_389
0.1468,0.1657,0.012,0.017,0.0,0.0,1,1,0.5000000,0.0,*amc_sol_current_390
0.1468,0.1837,0.012,0.017,0.0,0.0,1,1,0.5000000,0.0,*amc_sol_current_391
0.1468,0.2017,0.012,0.017,0.0,0.0,1,1,0.5000000,0.0,*amc_sol_current_392
0.1468,0.2197,0.012,0.017,0.0,0.0,1,1,0.5000000,0.0,*amc_sol_current_393
0.1468,0.2377,0.012,0.017,0.0,0.0,1,1,0.5000000,0.0,*amc_sol_current_394
0.1468,0.2557,0.012,0.017,0.0,0.0,1,1,0.5000000,0.0,*amc_sol_current_395
0.1468,0.2737,0.012,0.017,0.0,0.0,1,1,0.5000000,0.0,*amc_sol_current_396
0.1468,0.2917,0.012,0.017,0.0,0.0,1,1,0.5000000,0.0,*amc_sol_current_397
0.1468,0.3097,0.012,0.017,0.0,0.0,1,1,0.5000000,0.0,*amc_sol_current_398
0.1468,0.3277,0.012,0.017,0.0,0.0,1,1,0.5000000,0.0,*amc_sol_current_399
0.1468,0.3457,0.012,0.017,0.0,0.0,1,1,0.5000000,0.0,*amc_sol_current_400
0.1468,0.3637,0.012,0.017,0.0,0.0,1,1,0.5000000,0.0,*amc_sol_current_401
0.1468,0.3817,0.012,0.017,0.0,0.0,1,1,0.5000000,0.0,*amc_sol_current_402
0.1468,0.3997,0.012,0.017,0.0,0.0,1,1,0.5000000,0.0,*amc_sol_current_403
0.1468,0.4177,0.012,0.017,0.0,0.0,1,1,0.5000000,0.0,*amc_sol_current_404
0.1468,0.4357,0.012,0.017,0.0,0.0,1,1,0.5000000,0.0,*amc_sol_current_405
0.1468,0.4537,0.012,0.017,0.0,0.0,1,1,0.5000000,0.0,*amc_sol_current_406
0.1468,0.4717,0.012,0.017,0.0,0.0,1,1,0.5000000,0.0,*amc_sol_current_407
0.1468,0.4897,0.012,0.017,0.0,0.0,1,1,0.5000000,0.0,*amc_sol_current_408
0.1468,0.5077,0.012,0.017,0.0,0.0,1,1,0.5000000,0.0,*amc_sol_current_409
0.1468,0.5257,0.012,0.017,0.0,0.0,1,1,0.5000000,0.0,*amc_sol_current_410
0.1468,0.5437,0.012,0.017,0.0,0.0,1,1,0.5000000,0.0,*amc_sol_current_411
0.1468,0.5617,0.012,0.017,0.0,0.0,1,1,0.5000000,0.0,*amc_sol_current_412
0.1468,0.5797,0.012,0.017,0.0,0.0,1,1,0.5000000,0.0,*amc_sol_current_413
0.1468,0.5977,0.012,0.017,0.0,0.0,1,1,0.5000000,0.0,*amc_sol_current_414
0.1468,0.6157,0.012,0.017,0.0,0.0,1,1,0.5000000,0.0,*amc_sol_current_415
0.1468,0.6337,0.012,0.017,0.0,0.0,1,1,0.5000000,0.0,*amc_sol_current_416
0.1468,0.6517,0.012,0.017,0.0,0.0,1,1,0.5000000,0.0,*amc_sol_current_417
0.1468,0.6697,0.012,0.017,0.0,0.0,1,1,0.5000000,0.0,*amc_sol_current_418
0.1468,0.6877,0.012,0.017,0.0,0.0,1,1,0.5000000,0.0,*amc_sol_current_419
0.1468,0.7057,0.012,0.017,0.0,0.0,1,1,0.5000000,0.0,*amc_sol_current_420
0.1468,0.7237,0.012,0.017,0.0,0.0,1,1,0.5000000,0.0,*amc_sol_current_421
0.1468,0.7417,0.012,0.017,0.0,0.0,1,1,0.5000000,0.0,*amc_sol_current_422
0.1468,0.7597,0.012,0.017,0.0,0.0,1,1,0.5000000,0.0,*amc_sol_current_423
0.1468,0.7777,0.012,0.017,0.0,0.0,1,1,0.5000000,0.0,*amc_sol_current_424
0.1468,0.7957,0.012,0.017,0.0,0.0,1,1,0.5000000,0.0,*amc_sol_current_425
0.1468,0.8137,0.012,0.017,0.0,0.0,1,1,0.5000000,0.0,*amc_sol_current_426
0.1468,0.8317,0.012,0.017,0.0,0.0,1,1,0.5000000,0.0,*amc_sol_current_427
0.1468,0.8497,0.012,0.017,0.0,0.0,1,1,0.5000000,0.0,*amc_sol_current_428
0.1468,0.8677,0.012,0.017,0.0,0.0,1,1,0.5000000,0.0,*amc_sol_current_429
0.1468,0.8857,0.012,0.017,0.0,0.0,1,1,0.5000000,0.0,*amc_sol_current_430
0.1468,0.9037,0.012,0.017,0.0,0.0,1,1,0.5000000,0.0,*amc_sol_current_431
0.1468,0.9217,0.012,0.017,0.0,0.0,1,1,0.5000000,0.0,*amc_sol_current_432
0.1468,0.9397,0.012,0.017,0.0,0.0,1,1,0.5000000,0.0,*amc_sol_current_433
0.1468,0.9577,0.012,0.017,0.0,0.0,1,1,0.5000000,0.0,*amc_sol_current_434
0.1468,0.9757,0.012,0.017,0.0,0.0,1,1,0.5000000,0.0,*amc_sol_current_435
0.1468,0.9937,0.012,0.017,0.0,0.0,1,1,0.5000000,0.0,*amc_sol_current_436
0.1468,1.0117,0.012,0.017,0.0,0.0,1,1,0.5000000,0.0,*amc_sol_current_437
0.1468,1.0297,0.012,0.017,0.0,0.0,1,1,0.5000000,0.0,*amc_sol_current_438
0.1468,1.0477,0.012,0.017,0.0,0.0,1,1,0.5000000,0.0,*amc_sol_current_439
0.1468,1.0657,0.012,0.017,0.0,0.0,1,1,0.5000000,0.0,*amc_sol_current_440
0.1468,1.0837,0.012,0.017,0.0,0.0,1,1,0.5000000,0.0,*amc_sol_current_441
0.1468,1.1017,0.012,0.017,0.0,0.0,1,1,0.5000000,0.0,*amc_sol_current_442
0.1468,1.1197,0.012,0.017,0.0,0.0,1,1,0.5000000,0.0,*amc_sol_current_443
0.1468,1.1377,0.012,0.017,0.0,0.0,1,1,0.5000000,0.0,*amc_sol_current_444
0.1468,1.1557,0.012,0.017,0.0,0.0,1,1,0.5000000,0.0,*amc_sol_current_445
0.1468,1.1737,0.012,0.017,0.0,0.0,1,1,0.5000000,0.0,*amc_sol_current_446
0.1468,1.1917,0.012,0.017,0.0,0.0,1,1,0.5000000,0.0,*amc_sol_current_447
0.1468,1.2097,0.012,0.017,0.0,0.0,1,1,0.5000000,0.0,*amc_sol_current_448
0.1468,1.2277,0.012,0.017,0.0,0.0,1,1,0.5000000,0.0,*amc_sol_current_449
0.1468,1.2457,0.012,0.017,0.0,0.0,1,1,0.5000000,0.0,*amc_sol_current_450
0.1468,1.2637,0.012,0.017,0.0,0.0,1,1,0.5000000,0.0,*amc_sol_current_451
0.1468,1.2817,0.012,0.017,0.0,0.0,1,1,0.5000000,0.0,*amc_sol_current_452
0.1468,1.2997,0.012,0.017,0.0,0.0,1,1,0.5000000,0.0,*amc_sol_current_453
0.1468,1.3177,0.012,0.017,0.0,0.0,1,1,0.5000000,0.0,*amc_sol_current_454
0.1468,1.3357,0.012,0.017,0.0,0.0,1,1,0.5000000,0.0,*amc_sol_current_455
0.1468,1.3537,0.012,0.017,0.0,0.0,1,1,0.5000000,0.0,*amc_sol_current_456
0.1602,-1.3643,0.012,0.017,0.0,0.0,1,1,0.5000000,0.0,*amc_sol_current_457
0.1602,-1.3463,0.012,0.017,0.0,0.0,1,1,0.5000000,0.0,*amc_sol_current_458
0.1602,-1.3283,0.012,0.017,0.0,0.0,1,1,0.5000000,0.0,*amc_sol_current_459
0.1602,-1.3103,0.012,0.017,0.0,0.0,1,1,0.5000000,0.0,*amc_sol_current_460
0.1602,-1.2923,0.012,0.017,0.0,0.0,1,1,0.5000000,0.0,*amc_sol_current_461
0.1602,-1.2743,0.012,0.017,0.0,0.0,1,1,0.5000000,0.0,*amc_sol_current_462
0.1602,-1.2563,0.012,0.017,0.0,0.0,1,1,0.5000000,0.0,*amc_sol_current_463
0.1602,-1.2383,0.012,0.017,0.0,0.0,1,1,0.5000000,0.0,*amc_sol_current_464
0.1602,-1.2203,0.012,0.017,0.0,0.0,1,1,0.5000000,0.0,*amc_sol_current_465
0.1602,-1.2023,0.012,0.017,0.0,0.0,1,1,0.5000000,0.0,*amc_sol_current_466
0.1602,-1.1843,0.012,0.017,0.0,0.0,1,1,0.5000000,0.0,*amc_sol_current_467
0.1602,-1.1663,0.012,0.017,0.0,0.0,1,1,0.5000000,0.0,*amc_sol_current_468
0.1602,-1.1483,0.012,0.017,0.0,0.0,1,1,0.5000000,0.0,*amc_sol_current_469
0.1602,-1.1303,0.012,0.017,0.0,0.0,1,1,0.5000000,0.0,*amc_sol_current_470
0.1602,-1.1123,0.012,0.017,0.0,0.0,1,1,0.5000000,0.0,*amc_sol_current_471
0.1602,-1.0943,0.012,0.017,0.0,0.0,1,1,0.5000000,0.0,*amc_sol_current_472
0.1602,-1.0763,0.012,0.017,0.0,0.0,1,1,0.5000000,0.0,*amc_sol_current_473
0.1602,-1.0583,0.012,0.017,0.0,0.0,1,1,0.5000000,0.0,*amc_sol_current_474
0.1602,-1.0403,0.012,0.017,0.0,0.0,1,1,0.5000000,0.0,*amc_sol_current_475
0.1602,-1.0223,0.012,0.017,0.0,0.0,1,1,0.5000000,0.0,*amc_sol_current_476
0.1602,-1.0043,0.012,0.017,0.0,0.0,1,1,0.5000000,0.0,*amc_sol_current_477
0.1602,-0.9863,0.012,0.017,0.0,0.0,1,1,0.5000000,0.0,*amc_sol_current_478
0.1602,-0.9683,0.012,0.017,0.0,0.0,1,1,0.5000000,0.0,*amc_sol_current_479
0.1602,-0.9503,0.012,0.017,0.0,0.0,1,1,0.5000000,0.0,*amc_sol_current_480
0.1602,-0.9323,0.012,0.017,0.0,0.0,1,1,0.5000000,0.0,*amc_sol_current_481
0.1602,-0.9143,0.012,0.017,0.0,0.0,1,1,0.5000000,0.0,*amc_sol_current_482
0.1602,-0.8963,0.012,0.017,0.0,0.0,1,1,0.5000000,0.0,*amc_sol_current_483
0.1602,-0.8783,0.012,0.017,0.0,0.0,1,1,0.5000000,0.0,*amc_sol_current_484
0.1602,-0.8603,0.012,0.017,0.0,0.0,1,1,0.5000000,0.0,*amc_sol_current_485
0.1602,-0.8423,0.012,0.017,0.0,0.0,1,1,0.5000000,0.0,*amc_sol_current_486
0.1602,-0.8243,0.012,0.017,0.0,0.0,1,1,0.5000000,0.0,*amc_sol_current_487
0.1602,-0.8063,0.012,0.017,0.0,0.0,1,1,0.5000000,0.0,*amc_sol_current_488
0.1602,-0.7883,0.012,0.017,0.0,0.0,1,1,0.5000000,0.0,*amc_sol_current_489
0.1602,-0.7703,0.012,0.017,0.0,0.0,1,1,0.5000000,0.0,*amc_sol_current_490
0.1602,-0.7523,0.012,0.017,0.0,0.0,1,1,0.5000000,0.0,*amc_sol_current_491
0.1602,-0.7343,0.012,0.017,0.0,0.0,1,1,0.5000000,0.0,*amc_sol_current_492
0.1602,-0.7163,0.012,0.017,0.0,0.0,1,1,0.5000000,0.0,*amc_sol_current_493
0.1602,-0.6983,0.012,0.017,0.0,0.0,1,1,0.5000000,0.0,*amc_sol_current_494
0.1602,-0.6803,0.012,0.017,0.0,0.0,1,1,0.5000000,0.0,*amc_sol_current_495
0.1602,-0.6623,0.012,0.017,0.0,0.0,1,1,0.5000000,0.0,*amc_sol_current_496
0.1602,-0.6443,0.012,0.017,0.0,0.0,1,1,0.5000000,0.0,*amc_sol_current_497
0.1602,-0.6263,0.012,0.017,0.0,0.0,1,1,0.5000000,0.0,*amc_sol_current_498
0.1602,-0.6083,0.012,0.017,0.0,0.0,1,1,0.5000000,0.0,*amc_sol_current_499
0.1602,-0.5903,0.012,0.017,0.0,0.0,1,1,0.5000000,0.0,*amc_sol_current_500
0.1602,-0.5723,0.012,0.017,0.0,0.0,1,1,0.5000000,0.0,*amc_sol_current_501
0.1602,-0.5543,0.012,0.017,0.0,0.0,1,1,0.5000000,0.0,*amc_sol_current_502
0.1602,-0.5363,0.012,0.017,0.0,0.0,1,1,0.5000000,0.0,*amc_sol_current_503
0.1602,-0.5183,0.012,0.017,0.0,0.0,1,1,0.5000000,0.0,*amc_sol_current_504
0.1602,-0.5003,0.012,0.017,0.0,0.0,1,1,0.5000000,0.0,*amc_sol_current_505
0.1602,-0.4823,0.012,0.017,0.0,0.0,1,1,0.5000000,0.0,*amc_sol_current_506
0.1602,-0.4643,0.012,0.017,0.0,0.0,1,1,0.5000000,0.0,*amc_sol_current_507
0.1602,-0.4463,0.012,0.017,0.0,0.0,1,1,0.5000000,0.0,*amc_sol_current_508
0.1602,-0.4283,0.012,0.017,0.0,0.0,1,1,0.5000000,0.0,*amc_sol_current_509
0.1602,-0.4103,0.012,0.017,0.0,0.0,1,1,0.5000000,0.0,*amc_sol_current_510
0.1602,-0.3923,0.012,0.017,0.0,0.0,1,1,0.5000000,0.0,*amc_sol_current_511
0.1602,-0.3743,0.012,0.017,0.0,0.0,1,1,0.5000000,0.0,*amc_sol_current_512
0.1602,-0.3563,0.012,0.017,0.0,0.0,1,1,0.5000000,0.0,*amc_sol_current_513
0.1602,-0.3383,0.012,0.017,0.0,0.0,1,1,0.5000000,0.0,*amc_sol_current_514
0.1602,-0.3203,0.012,0.017,0.0,0.0,1,1,0.5000000,0.0,*amc_sol_current_515
0.1602,-0.3023,0.012,0.017,0.0,0.0,1,1,0.5000000,0.0,*amc_sol_current_516
0.1602,-0.2843,0.012,0.017,0.0,0.0,1,1,0.5000000,0.0,*amc_sol_current_517
0.1602,-0.2663,0.012,0.017,0.0,0.0,1,1,0.5000000,0.0,*amc_sol_current_518
0.1602,-0.2483,0.012,0.017,0.0,0.0,1,1,0.5000000,0.0,*amc_sol_current_519
0.1602,-0.2303,0.012,0.017,0.0,0.0,1,1,0.5000000,0.0,*amc_sol_current_520
0.1602,-0.2123,0.012,0.017,0.0,0.0,1,1,0.5000000,0.0,*amc_sol_current_521
0.1602,-0.1943,0.012,0.017,0.0,0.0,1,1,0.5000000,0.0,*amc_sol_current_522
0.1602,-0.1763,0.012,0.017,0.0,0.0,1,1,0.5000000,0.0,*amc_sol_current_523
0.1602,-0.1583,0.012,0.017,0.0,0.0,1,1,0.5000000,0.0,*amc_sol_current_524
0.1602,-0.1403,0.012,0.017,0.0,0.0,1,1,0.5000000,0.0,*amc_sol_current_525
0.1602,-0.1223,0.012,0.017,0.0,0.0,1,1,0.5000000,0.0,*amc_sol_current_526
0.1602,-0.1043,0.012,0.017,0.0,0.0,1,1,0.5000000,0.0,*amc_sol_current_527
0.1602,-0.0863,0.012,0.017,0.0,0.0,1,1,0.5000000,0.0,*amc_sol_current_528
0.1602,-0.0683,0.012,0.017,0.0,0.0,1,1,0.5000000,0.0,*amc_sol_current_529
0.1602,-0.0503,0.012,0.017,0.0,0.0,1,1,0.5000000,0.0,*amc_sol_current_530
0.1602,-0.0323,0.012,0.017,0.0,0.0,1,1,0.5000000,0.0,*amc_sol_current_531
0.1602,-0.0143,0.012,0.017,0.0,0.0,1,1,0.5000000,0.0,*amc_sol_current_532
0.1602,0.0037,0.012,0.017,0.0,0.0,1,1,0.5000000,0.0,*amc_sol_current_533
0.1602,0.0217,0.012,0.017,0.0,0.0,1,1,0.5000000,0.0,*amc_sol_current_534
0.1602,0.0397,0.012,0.017,0.0,0.0,1,1,0.5000000,0.0,*amc_sol_current_535
0.1602,0.0577,0.012,0.017,0.0,0.0,1,1,0.5000000,0.0,*amc_sol_current_536
0.1602,0.0757,0.012,0.017,0.0,0.0,1,1,0.5000000,0.0,*amc_sol_current_537
0.1602,0.0937,0.012,0.017,0.0,0.0,1,1,0.5000000,0.0,*amc_sol_current_538
0.1602,0.1117,0.012,0.017,0.0,0.0,1,1,0.5000000,0.0,*amc_sol_current_539
0.1602,0.1297,0.012,0.017,0.0,0.0,1,1,0.5000000,0.0,*amc_sol_current_540
0.1602,0.1477,0.012,0.017,0.0,0.0,1,1,0.5000000,0.0,*amc_sol_current_541
0.1602,0.1657,0.012,0.017,0.0,0.0,1,1,0.5000000,0.0,*amc_sol_current_542
0.1602,0.1837,0.012,0.017,0.0,0.0,1,1,0.5000000,0.0,*amc_sol_current_543
0.1602,0.2017,0.012,0.017,0.0,0.0,1,1,0.5000000,0.0,*amc_sol_current_544
0.1602,0.2197,0.012,0.017,0.0,0.0,1,1,0.5000000,0.0,*amc_sol_current_545
0.1602,0.2377,0.012,0.017,0.0,0.0,1,1,0.5000000,0.0,*amc_sol_current_546
0.1602,0.2557,0.012,0.017,0.0,0.0,1,1,0.5000000,0.0,*amc_sol_current_547
0.1602,0.2737,0.012,0.017,0.0,0.0,1,1,0.5000000,0.0,*amc_sol_current_548
0.1602,0.2917,0.012,0.017,0.0,0.0,1,1,0.5000000,0.0,*amc_sol_current_549
0.1602,0.3097,0.012,0.017,0.0,0.0,1,1,0.5000000,0.0,*amc_sol_current_550
0.1602,0.3277,0.012,0.017,0.0,0.0,1,1,0.5000000,0.0,*amc_sol_current_551
0.1602,0.3457,0.012,0.017,0.0,0.0,1,1,0.5000000,0.0,*amc_sol_current_552
0.1602,0.3637,0.012,0.017,0.0,0.0,1,1,0.5000000,0.0,*amc_sol_current_553
0.1602,0.3817,0.012,0.017,0.0,0.0,1,1,0.5000000,0.0,*amc_sol_current_554
0.1602,0.3997,0.012,0.017,0.0,0.0,1,1,0.5000000,0.0,*amc_sol_current_555
0.1602,0.4177,0.012,0.017,0.0,0.0,1,1,0.5000000,0.0,*amc_sol_current_556
0.1602,0.4357,0.012,0.017,0.0,0.0,1,1,0.5000000,0.0,*amc_sol_current_557
0.1602,0.4537,0.012,0.017,0.0,0.0,1,1,0.5000000,0.0,*amc_sol_current_558
0.1602,0.4717,0.012,0.017,0.0,0.0,1,1,0.5000000,0.0,*amc_sol_current_559
0.1602,0.4897,0.012,0.017,0.0,0.0,1,1,0.5000000,0.0,*amc_sol_current_560
0.1602,0.5077,0.012,0.017,0.0,0.0,1,1,0.5000000,0.0,*amc_sol_current_561
0.1602,0.5257,0.012,0.017,0.0,0.0,1,1,0.5000000,0.0,*amc_sol_current_562
0.1602,0.5437,0.012,0.017,0.0,0.0,1,1,0.5000000,0.0,*amc_sol_current_563
0.1602,0.5617,0.012,0.017,0.0,0.0,1,1,0.5000000,0.0,*amc_sol_current_564
0.1602,0.5797,0.012,0.017,0.0,0.0,1,1,0.5000000,0.0,*amc_sol_current_565
0.1602,0.5977,0.012,0.017,0.0,0.0,1,1,0.5000000,0.0,*amc_sol_current_566
0.1602,0.6157,0.012,0.017,0.0,0.0,1,1,0.5000000,0.0,*amc_sol_current_567
0.1602,0.6337,0.012,0.017,0.0,0.0,1,1,0.5000000,0.0,*amc_sol_current_568
0.1602,0.6517,0.012,0.017,0.0,0.0,1,1,0.5000000,0.0,*amc_sol_current_569
0.1602,0.6697,0.012,0.017,0.0,0.0,1,1,0.5000000,0.0,*amc_sol_current_570
0.1602,0.6877,0.012,0.017,0.0,0.0,1,1,0.5000000,0.0,*amc_sol_current_571
0.1602,0.7057,0.012,0.017,0.0,0.0,1,1,0.5000000,0.0,*amc_sol_current_572
0.1602,0.7237,0.012,0.017,0.0,0.0,1,1,0.5000000,0.0,*amc_sol_current_573
0.1602,0.7417,0.012,0.017,0.0,0.0,1,1,0.5000000,0.0,*amc_sol_current_574
0.1602,0.7597,0.012,0.017,0.0,0.0,1,1,0.5000000,0.0,*amc_sol_current_575
0.1602,0.7777,0.012,0.017,0.0,0.0,1,1,0.5000000,0.0,*amc_sol_current_576
0.1602,0.7957,0.012,0.017,0.0,0.0,1,1,0.5000000,0.0,*amc_sol_current_577
0.1602,0.8137,0.012,0.017,0.0,0.0,1,1,0.5000000,0.0,*amc_sol_current_578
0.1602,0.8317,0.012,0.017,0.0,0.0,1,1,0.5000000,0.0,*amc_sol_current_579
0.1602,0.8497,0.012,0.017,0.0,0.0,1,1,0.5000000,0.0,*amc_sol_current_580
0.1602,0.8677,0.012,0.017,0.0,0.0,1,1,0.5000000,0.0,*amc_sol_current_581
0.1602,0.8857,0.012,0.017,0.0,0.0,1,1,0.5000000,0.0,*amc_sol_current_582
0.1602,0.9037,0.012,0.017,0.0,0.0,1,1,0.5000000,0.0,*amc_sol_current_583
0.1602,0.9217,0.012,0.017,0.0,0.0,1,1,0.5000000,0.0,*amc_sol_current_584
0.1602,0.9397,0.012,0.017,0.0,0.0,1,1,0.5000000,0.0,*amc_sol_current_585
0.1602,0.9577,0.012,0.017,0.0,0.0,1,1,0.5000000,0.0,*amc_sol_current_586
0.1602,0.9757,0.012,0.017,0.0,0.0,1,1,0.5000000,0.0,*amc_sol_current_587
0.1602,0.9937,0.012,0.017,0.0,0.0,1,1,0.5000000,0.0,*amc_sol_current_588
0.1602,1.0117,0.012,0.017,0.0,0.0,1,1,0.5000000,0.0,*amc_sol_current_589
0.1602,1.0297,0.012,0.017,0.0,0.0,1,1,0.5000000,0.0,*amc_sol_current_590
0.1602,1.0477,0.012,0.017,0.0,0.0,1,1,0.5000000,0.0,*amc_sol_current_591
0.1602,1.0657,0.012,0.017,0.0,0.0,1,1,0.5000000,0.0,*amc_sol_current_592
0.1602,1.0837,0.012,0.017,0.0,0.0,1,1,0.5000000,0.0,*amc_sol_current_593
0.1602,1.1017,0.012,0.017,0.0,0.0,1,1,0.5000000,0.0,*amc_sol_current_594
0.1602,1.1197,0.012,0.017,0.0,0.0,1,1,0.5000000,0.0,*amc_sol_current_595
0.1602,1.1377,0.012,0.017,0.0,0.0,1,1,0.5000000,0.0,*amc_sol_current_596
0.1602,1.1557,0.012,0.017,0.0,0.0,1,1,0.5000000,0.0,*amc_sol_current_597
0.1602,1.1737,0.012,0.017,0.0,0.0,1,1,0.5000000,0.0,*amc_sol_current_598
0.1602,1.1917,0.012,0.017,0.0,0.0,1,1,0.5000000,0.0,*amc_sol_current_599
0.1602,1.2097,0.012,0.017,0.0,0.0,1,1,0.5000000,0.0,*amc_sol_current_600
0.1602,1.2277,0.012,0.017,0.0,0.0,1,1,0.5000000,0.0,*amc_sol_current_601
0.1602,1.2457,0.012,0.017,0.0,0.0,1,1,0.5000000,0.0,*amc_sol_current_602
0.1602,1.2637,0.012,0.017,0.0,0.0,1,1,0.5000000,0.0,*amc_sol_current_603
0.1602,1.2817,0.012,0.017,0.0,0.0,1,1,0.5000000,0.0,*amc_sol_current_604
0.1602,1.2997,0.012,0.017,0.0,0.0,1,1,0.5000000,0.0,*amc_sol_current_605
0.1602,1.3177,0.012,0.017,0.0,0.0,1,1,0.5000000,0.0,*amc_sol_current_606
0.1602,1.3357,0.012,0.017,0.0,0.0,1,1,0.5000000,0.0,*amc_sol_current_607
0.1602,1.3537,0.012,0.017,0.0,0.0,1,1,0.5000000,0.0,*amc_sol_current_608
0.4365,1.6660,0.003,0.282,0.0,0.0,2,1,0.3455882,0.0,*amc_p2u_case_current_U-C1
0.4980,1.8085,0.126,0.003,0.0,0.0,2,1,0.1544118,0.0,*amc_p2u_case_current_U-C2
0.5625,1.6690,0.003,0.282,0.0,0.0,2,1,0.3455882,0.0,*amc_p2u_case_current_U-C3
0.5010,1.5265,0.126,0.003,0.0,0.0,2,1,0.1544118,0.0,*amc_p2u_case_current_U-C4
0.4884,1.5551,0.024,0.037,0.0,0.0,3,1,0.0833333,0.0,*amc_p2iu_coil_current_IU-1
0.4884,1.5931,0.024,0.037,0.0,0.0,3,1,0.0833333,0.0,*amc_p2iu_coil_current_IU-2
0.4884,1.6311,0.024,0.037,0.0,0.0,3,1,0.0833333,0.0,*amc_p2iu_coil_current_IU-3
0.4884,1.6691,0.024,0.037,0.0,0.0,3,1,0.0833333,0.0,*amc_p2iu_coil_current_IU-4
0.4884,1.7071,0.024,0.037,0.0,0.0,3,1,0.0833333,0.0,*amc_p2iu_coil_current_IU-5
0.4884,1.7451,0.024,0.037,0.0,0.0,3,1,0.0833333,0.0,*amc_p2iu_coil_current_IU-6
0.4624,1.5551,0.024,0.037,0.0,0.0,3,1,0.0833333,0.0,*amc_p2iu_coil_current_IU-7
0.4624,1.5931,0.024,0.037,0.0,0.0,3,1,0.0833333,0.0,*amc_p2iu_coil_current_IU-8
0.4624,1.6311,0.024,0.037,0.0,0.0,3,1,0.0833333,0.0,*amc_p2iu_coil_current_IU-9
0.4624,1.6691,0.024,0.037,0.0,0.0,3,1,0.0833333,0.0,*amc_p2iu_coil_current_IU-10
0.4624,1.7071,0.024,0.037,0.0,0.0,3,1,0.0833333,0.0,*amc_p2iu_coil_current_IU-11
0.4624,1.7451,0.024,0.037,0.0,0.0,3,1,0.0833333,0.0,*amc_p2iu_coil_current_IU-12
0.5154,1.5551,0.024,0.037,0.0,0.0,4,1,0.1250000,0.0,*amc_p2ou_coil_current_OU-1
0.5154,1.5931,0.024,0.037,0.0,0.0,4,1,0.1250000,0.0,*amc_p2ou_coil_current_OU-2
0.5154,1.6311,0.024,0.037,0.0,0.0,4,1,0.1250000,0.0,*amc_p2ou_coil_current_OU-3
0.5154,1.6691,0.024,0.037,0.0,0.0,4,1,0.1250000,0.0,*amc_p2ou_coil_current_OU-4
0.5414,1.5551,0.024,0.037,0.0,0.0,4,1,0.1250000,0.0,*amc_p2ou_coil_current_OU-5
0.5414,1.5931,0.024,0.037,0.0,0.0,4,1,0.1250000,0.0,*amc_p2ou_coil_current_OU-6
0.5414,1.6311,0.024,0.037,0.0,0.0,4,1,0.1250000,0.0,*amc_p2ou_coil_current_OU-7
0.5414,1.6691,0.024,0.037,0.0,0.0,4,1,0.1250000,0.0,*amc_p2ou_coil_current_OU-8
0.4365,-1.6660,0.003,0.282,0.0,0.0,5,1,0.3455882,0.0,*amc_p2l_case_current_L-C1
0.4980,-1.8085,0.126,0.003,0.0,0.0,5,1,0.1544118,0.0,*amc_p2l_case_current_L-C2
0.5625,-1.6690,0.003,0.282,0.0,0.0,5,1,0.3455882,0.0,*amc_p2l_case_current_L-C3
0.5010,-1.5265,0.126,0.003,0.0,0.0,5,1,0.1544118,0.0,*amc_p2l_case_current_L-C4
0.4870,-1.5550,0.024,0.037,0.0,0.0,6,1,0.0833333,0.0,*amc_p2il_coil_current_IL-1
0.4870,-1.5930,0.024,0.037,0.0,0.0,6,1,0.0833333,0.0,*amc_p2il_coil_current_IL-2
0.4870,-1.6310,0.024,0.037,0.0,0.0,6,1,0.0833333,0.0,*amc_p2il_coil_current_IL-3
0.4870,-1.6690,0.024,0.037,0.0,0.0,6,1,0.0833333,0.0,*amc_p2il_coil_current_IL-4
0.4870,-1.7070,0.024,0.037,0.0,0.0,6,1,0.0833333,0.0,*amc_p2il_coil_current_IL-5
0.4870,-1.7450,0.024,0.037,0.0,0.0,6,1,0.0833333,0.0,*amc_p2il_coil_current_IL-6
0.4610,-1.5550,0.024,0.037,0.0,0.0,6,1,0.0833333,0.0,*amc_p2il_coil_current_IL-7
0.4610,-1.5930,0.024,0.037,0.0,0.0,6,1,0.0833333,0.0,*amc_p2il_coil_current_IL-8
0.4610,-1.6310,0.024,0.037,0.0,0.0,6,1,0.0833333,0.0,*amc_p2il_coil_current_IL-9
0.4610,-1.6690,0.024,0.037,0.0,0.0,6,1,0.0833333,0.0,*amc_p2il_coil_current_IL-10
0.4610,-1.7070,0.024,0.037,0.0,0.0,6,1,0.0833333,0.0,*amc_p2il_coil_current_IL-11
0.4610,-1.7450,0.024,0.037,0.0,0.0,6,1,0.0833333,0.0,*amc_p2il_coil_current_IL-12
0.5140,-1.5550,0.024,0.037,0.0,0.0,7,1,0.1250000,0.0,*amc_p2ol_coil_current_OL-1
0.5140,-1.5930,0.024,0.037,0.0,0.0,7,1,0.1250000,0.0,*amc_p2ol_coil_current_OL-2
0.5140,-1.6310,0.024,0.037,0.0,0.0,7,1,0.1250000,0.0,*amc_p2ol_coil_current_OL-3
0.5140,-1.6690,0.024,0.037,0.0,0.0,7,1,0.1250000,0.0,*amc_p2ol_coil_current_OL-4
0.5400,-1.5550,0.024,0.037,0.0,0.0,7,1,0.1250000,0.0,*amc_p2ol_coil_current_OL-5
0.5400,-1.5930,0.024,0.037,0.0,0.0,7,1,0.1250000,0.0,*amc_p2ol_coil_current_OL-6
0.5400,-1.6310,0.024,0.037,0.0,0.0,7,1,0.1250000,0.0,*amc_p2ol_coil_current_OL-7
0.5400,-1.6690,0.024,0.037,0.0,0.0,7,1,0.1250000,0.0,*amc_p2ol_coil_current_OL-8
1.0685,1.0670,0.021,0.052,0.0,0.0,8,1,0.1250000,0.0,*amc_p3u_current_3U-1
1.0685,1.1220,0.021,0.052,0.0,0.0,8,1,0.1250000,0.0,*amc_p3u_current_3U-2
1.0915,1.0670,0.021,0.052,0.0,0.0,8,1,0.1250000,0.0,*amc_p3u_current_3U-3
1.0915,1.1220,0.021,0.052,0.0,0.0,8,1,0.1250000,0.0,*amc_p3u_current_3U-4
1.1145,1.0670,0.021,0.052,0.0,0.0,8,1,0.1250000,0.0,*amc_p3u_current_3U-5
1.1145,1.1220,0.021,0.052,0.0,0.0,8,1,0.1250000,0.0,*amc_p3u_current_3U-6
1.1375,1.0670,0.021,0.052,0.0,0.0,8,1,0.1250000,0.0,*amc_p3u_current_3U-7
1.1375,1.1220,0.021,0.052,0.0,0.0,8,1,0.1250000,0.0,*amc_p3u_current_3U-8
1.0682,-1.0727,0.021,0.052,0.0,0.0,9,1,0.1250000,0.0,*amc_p3l_current_3L-1
1.0682,-1.1277,0.021,0.052,0.0,0.0,9,1,0.1250000,0.0,*amc_p3l_current_3L-2
1.0912,-1.0727,0.021,0.052,0.0,0.0,9,1,0.1250000,0.0,*amc_p3l_current_3L-3
1.0912,-1.1277,0.021,0.052,0.0,0.0,9,1,0.1250000,0.0,*amc_p3l_current_3L-4
1.1142,-1.0727,0.021,0.052,0.0,0.0,9,1,0.1250000,0.0,*amc_p3l_current_3L-5
1.1142,-1.1277,0.021,0.052,0.0,0.0,9,1,0.1250000,0.0,*amc_p3l_current_3L-6
1.1372,-1.0727,0.021,0.052,0.0,0.0,9,1,0.1250000,0.0,*amc_p3l_current_3L-7
1.1372,-1.1277,0.021,0.052,0.0,0.0,9,1,0.1250000,0.0,*amc_p3l_current_3L-8
1.4595,1.0435,0.024,0.037,0.0,0.0,10,1,0.0434783,0.0,*amc_p4u_current_4U-1
1.4595,1.0815,0.024,0.037,0.0,0.0,10,1,0.0434783,0.0,*amc_p4u_current_4U-2
1.4595,1.1195,0.024,0.037,0.0,0.0,10,1,0.0434783,0.0,*amc_p4u_current_4U-3
1.4865,1.0435,0.024,0.037,0.0,0.0,10,1,0.0434783,0.0,*amc_p4u_current_4U-4
1.4865,1.0815,0.024,0.037,0.0,0.0,10,1,0.0434783,0.0,*amc_p4u_current_4U-5
1.4865,1.1195,0.024,0.037,0.0,0.0,10,1,0.0434783,0.0,*amc_p4u_current_4U-6
1.5135,1.0435,0.024,0.037,0.0,0.0,10,1,0.0434783,0.0,*amc_p4u_current_4U-7
1.5135,1.0815,0.024,0.037,0.0,0.0,10,1,0.0434783,0.0,*amc_p4u_current_4U-8
1.5135,1.1195,0.024,0.037,0.0,0.0,10,1,0.0434783,0.0,*amc_p4u_current_4U-9
1.5405,1.0435,0.024,0.037,0.0,0.0,10,1,0.0434783,0.0,*amc_p4u_current_4U-10
1.5405,1.0815,0.024,0.037,0.0,0.0,10,1,0.0434783,0.0,*amc_p4u_current_4U-11
1.5405,1.1195,0.024,0.037,0.0,0.0,10,1,0.0434783,0.0,*amc_p4u_current_4U-12
1.5675,1.0435,0.024,0.037,0.0,0.0,10,1,0.0434783,0.0,*amc_p4u_current_4U-13
1.5675,1.0815,0.024,0.037,0.0,0.0,10,1,0.0434783,0.0,*amc_p4u_current_4U-14
1.5675,1.1195,0.024,0.037,0.0,0.0,10,1,0.0434783,0.0,*amc_p4u_current_4U-15
1.4325,1.0435,0.024,0.037,0.0,0.0,10,1,0.0434783,0.0,*amc_p4u_current_4U-16
1.4325,1.0815,0.024,0.037,0.0,0.0,10,1,0.0434783,0.0,*amc_p4u_current_4U-17
1.4325,1.1195,0.024,0.037,0.0,0.0,10,1,0.0434783,0.0,*amc_p4u_current_4U-18
1.4325,1.1575,0.024,0.037,0.0,0.0,10,1,0.0434783,0.0,*amc_p4u_current_4U-19
1.4575,1.1645,0.024,0.037,0.0,0.0,10,1,0.0434783,0.0,*amc_p4u_current_4U-20
1.4825,1.1645,0.024,0.037,0.0,0.0,10,1,0.0434783,0.0,*amc_p4u_current_4U-21
1.5075,1.1645,0.024,0.037,0.0,0.0,10,1,0.0434783,0.0,*amc_p4u_current_4U-22
1.5325,1.1645,0.024,0.037,0.0,0.0,10,1,0.0434783,0.0,*amc_p4u_current_4U-23
1.4610,-1.0467,0.024,0.037,0.0,0.0,11,1,0.0434783,0.0,*amc_p4l_current_4L-1
1.4610,-1.0847,0.024,0.037,0.0,0.0,11,1,0.0434783,0.0,*amc_p4l_current_4L-2
1.4610,-1.1227,0.024,0.037,0.0,0.0,11,1,0.0434783,0.0,*amc_p4l_current_4L-3
1.4870,-1.0467,0.024,0.037,0.0,0.0,11,1,0.0434783,0.0,*amc_p4l_current_4L-4
1.4870,-1.0847,0.024,0.037,0.0,0.0,11,1,0.0434783,0.0,*amc_p4l_current_4L-5
1.4870,-1.1227,0.024,0.037,0.0,0.0,11,1,0.0434783,0.0,*amc_p4l_current_4L-6
1.5130,-1.0467,0.024,0.037,0.0,0.0,11,1,0.0434783,0.0,*amc_p4l_current_4L-7
1.5130,-1.0847,0.024,0.037,0.0,0.0,11,1,0.0434783,0.0,*amc_p4l_current_4L-8
1.5130,-1.1227,0.024,0.037,0.0,0.0,11,1,0.0434783,0.0,*amc_p4l_current_4L-9
1.5390,-1.0467,0.024,0.037,0.0,0.0,11,1,0.0434783,0.0,*amc_p4l_current_4L-10
1.5390,-1.0847,0.024,0.037,0.0,0.0,11,1,0.0434783,0.0,*amc_p4l_current_4L-11
1.5390,-1.1227,0.024,0.037,0.0,0.0,11,1,0.0434783,0.0,*amc_p4l_current_4L-12
1.5650,-1.0467,0.024,0.037,0.0,0.0,11,1,0.0434783,0.0,*amc_p4l_current_4L-13
1.5650,-1.0847,0.024,0.037,0.0,0.0,11,1,0.0434783,0.0,*amc_p4l_current_4L-14
1.5650,-1.1227,0.024,0.037,0.0,0.0,11,1,0.0434783,0.0,*amc_p4l_current_4L-15
1.4350,-1.0467,0.024,0.037,0.0,0.0,11,1,0.0434783,0.0,*amc_p4l_current_4L-16
1.4350,-1.0847,0.024,0.037,0.0,0.0,11,1,0.0434783,0.0,*amc_p4l_current_4L-17
1.4350,-1.1227,0.024,0.037,0.0,0.0,11,1,0.0434783,0.0,*amc_p4l_current_4L-18
1.4350,-1.1607,0.024,0.037,0.0,0.0,11,1,0.0434783,0.0,*amc_p4l_current_4L-19
1.4600,-1.1637,0.024,0.037,0.0,0.0,11,1,0.0434783,0.0,*amc_p4l_current_4L-20
1.4850,-1.1637,0.024,0.037,0.0,0.0,11,1,0.0434783,0.0,*amc_p4l_current_4L-21
1.5100,-1.1637,0.024,0.037,0.0,0.0,11,1,0.0434783,0.0,*amc_p4l_current_4L-22
1.5350,-1.1637,0.024,0.037,0.0,0.0,11,1,0.0434783,0.0,*amc_p4l_current_4L-23
1.6110,0.4470,0.024,0.037,0.0,0.0,12,1,0.0434783,0.0,*amc_p5u_current_5U-1
1.6110,0.4850,0.024,0.037,0.0,0.0,12,1,0.0434783,0.0,*amc_p5u_current_5U-2
1.6110,0.5230,0.024,0.037,0.0,0.0,12,1,0.0434783,0.0,*amc_p5u_current_5U-3
1.6370,0.4470,0.024,0.037,0.0,0.0,12,1,0.0434783,0.0,*amc_p5u_current_5U-4
1.6370,0.4850,0.024,0.037,0.0,0.0,12,1,0.0434783,0.0,*amc_p5u_current_5U-5
1.6370,0.5230,0.024,0.037,0.0,0.0,12,1,0.0434783,0.0,*amc_p5u_current_5U-6
1.6630,0.4470,0.024,0.037,0.0,0.0,12,1,0.0434783,0.0,*amc_p5u_current_5U-7
1.6630,0.4850,0.024,0.037,0.0,0.0,12,1,0.0434783,0.0,*amc_p5u_current_5U-8
1.6630,0.5230,0.024,0.037,0.0,0.0,12,1,0.0434783,0.0,*amc_p5u_current_5U-9
1.6890,0.4470,0.024,0.037,0.0,0.0,12,1,0.0434783,0.0,*amc_p5u_current_5U-10
1.6890,0.4850,0.024,0.037,0.0,0.0,12,1,0.0434783,0.0,*amc_p5u_current_5U-11
1.6890,0.5230,0.024,0.037,0.0,0.0,12,1,0.0434783,0.0,*amc_p5u_current_5U-12
1.7150,0.4470,0.024,0.037,0.0,0.0,12,1,0.0434783,0.0,*amc_p5u_current_5U-13
1.7150,0.4850,0.024,0.037,0.0,0.0,12,1,0.0434783,0.0,*amc_p5u_current_5U-14
1.7150,0.5230,0.024,0.037,0.0,0.0,12,1,0.0434783,0.0,*amc_p5u_current_5U-15
1.5850,0.4470,0.024,0.037,0.0,0.0,12,1,0.0434783,0.0,*amc_p5u_current_5U-16
1.5850,0.4850,0.024,0.037,0.0,0.0,12,1,0.0434783,0.0,*amc_p5u_current_5U-17
1.5850,0.5230,0.024,0.037,0.0,0.0,12,1,0.0434783,0.0,*amc_p5u_current_5U-18
1.5850,0.5610,0.024,0.037,0.0,0.0,12,1,0.0434783,0.0,*amc_p5u_current_5U-19
1.6100,0.5640,0.024,0.037,0.0,0.0,12,1,0.0434783,0.0,*amc_p5u_current_5U-20
1.6350,0.5640,0.024,0.037,0.0,0.0,12,1,0.0434783,0.0,*amc_p5u_current_5U-21
1.6600,0.5640,0.024,0.037,0.0,0.0,12,1,0.0434783,0.0,*amc_p5u_current_5U-22
1.6850,0.5640,0.024,0.037,0.0,0.0,12,1,0.0434783,0.0,*amc_p5u_current_5U-23
1.6110,-0.4434,0.024,0.037,0.0,0.0,13,1,0.0434783,0.0,*amc_p5l_current_5L-1
1.6110,-0.4814,0.024,0.037,0.0,0.0,13,1,0.0434783,0.0,*amc_p5l_current_5L-2
1.6110,-0.5194,0.024,0.037,0.0,0.0,13,1,0.0434783,0.0,*amc_p5l_current_5L-3
1.6370,-0.4434,0.024,0.037,0.0,0.0,13,1,0.0434783,0.0,*amc_p5l_current_5L-4
1.6370,-0.4814,0.024,0.037,0.0,0.0,13,1,0.0434783,0.0,*amc_p5l_current_5L-5
1.6370,-0.5194,0.024,0.037,0.0,0.0,13,1,0.0434783,0.0,*amc_p5l_current_5L-6
1.6630,-0.4434,0.024,0.037,0.0,0.0,13,1,0.0434783,0.0,*amc_p5l_current_5L-7
1.6630,-0.4814,0.024,0.037,0.0,0.0,13,1,0.0434783,0.0,*amc_p5l_current_5L-8
1.6630,-0.5194,0.024,0.037,0.0,0.0,13,1,0.0434783,0.0,*amc_p5l_current_5L-9
1.6890,-0.4434,0.024,0.037,0.0,0.0,13,1,0.0434783,0.0,*amc_p5l_current_5L-10
1.6890,-0.4814,0.024,0.037,0.0,0.0,13,1,0.0434783,0.0,*amc_p5l_current_5L-11
1.6890,-0.5194,0.024,0.037,0.0,0.0,13,1,0.0434783,0.0,*amc_p5l_current_5L-12
1.7150,-0.4434,0.024,0.037,0.0,0.0,13,1,0.0434783,0.0,*amc_p5l_current_5L-13
1.7150,-0.4814,0.024,0.037,0.0,0.0,13,1,0.0434783,0.0,*amc_p5l_current_5L-14
1.7150,-0.5194,0.024,0.037,0.0,0.0,13,1,0.0434783,0.0,*amc_p5l_current_5L-15
1.5850,-0.4434,0.024,0.037,0.0,0.0,13,1,0.0434783,0.0,*amc_p5l_current_5L-16
1.5850,-0.4814,0.024,0.037,0.0,0.0,13,1,0.0434783,0.0,*amc_p5l_current_5L-17
1.5850,-0.5194,0.024,0.037,0.0,0.0,13,1,0.0434783,0.0,*amc_p5l_current_5L-18
1.5850,-0.5574,0.024,0.037,0.0,0.0,13,1,0.0434783,0.0,*amc_p5l_current_5L-19
1.6100,-0.5604,0.024,0.037,0.0,0.0,13,1,0.0434783,0.0,*amc_p5l_current_5L-20
1.6350,-0.5604,0.024,0.037,0.0,0.0,13,1,0.0434783,0.0,*amc_p5l_current_5L-21
1.6600,-0.5604,0.024,0.037,0.0,0.0,13,1,0.0434783,0.0,*amc_p5l_current_5L-22
1.6850,-0.5604,0.024,0.037,0.0,0.0,13,1,0.0434783,0.0,*amc_p5l_current_5L-23
1.4298,0.8567,0.021,0.052,0.0,0.0,14,1,0.2500000,0.0,*amc_p6u_current_6U-1
1.4518,0.8567,0.021,0.052,0.0,0.0,14,1,0.2500000,0.0,*amc_p6u_current_6U-2
1.4298,0.9327,0.021,0.052,0.0,0.0,14,1,0.2500000,0.0,*amc_p6u_current_6U-3
1.4518,0.9327,0.021,0.052,0.0,0.0,14,1,0.2500000,0.0,*amc_p6u_current_6U-4
1.4294,-0.9331,0.021,0.052,0.0,0.0,15,1,0.2500000,0.0,*amc_p6l_current_6L-1
1.4514,-0.9331,0.021,0.052,0.0,0.0,15,1,0.2500000,0.0,*amc_p6l_current_6L-2
1.4294,-0.8571,0.021,0.052,0.0,0.0,15,1,0.2500000,0.0,*amc_p6l_current_6L-3
1.4514,-0.8571,0.021,0.052,0.0,0.0,15,1,0.2500000,0.0,*amc_p6l_current_6L-4
0.2780,1.5030,0.106,0.020,0.0,0.0,16,1,1.0000000,0.6,*amm_p2udivpl1*
0.3840,1.5030,0.106,0.020,0.0,0.0,17,1,1.0000000,0.8,*amm_p2udivpl2*
0.4900,1.5030,0.106,0.020,0.0,0.0,18,1,1.0000000,1.1,*amm_p2udivpl3*
0.5960,1.5030,0.106,0.020,0.0,0.0,19,1,1.0000000,1.3,*amm_p2udivpl4*
0.7020,1.5030,0.106,0.020,0.0,0.0,20,1,1.0000000,1.5,*amm_p2udivpl5*
0.2780,-1.5110,0.106,0.020,0.0,0.0,21,1,1.0000000,0.6,*amm_p2ldivpl1*
0.3840,-1.5110,0.106,0.020,0.0,0.0,22,1,1.0000000,0.8,*amm_p2ldivpl2*
0.4900,-1.5110,0.106,0.020,0.0,0.0,23,1,1.0000000,1.1,*amm_p2ldivpl3*
0.5960,-1.5110,0.106,0.020,0.0,0.0,24,1,1.0000000,1.3,*amm_p2ldivpl4*
0.7020,-1.5110,0.106,0.020,0.0,0.0,25,1,1.0000000,1.5,*amm_p2ldivpl5*
2.0000,1.8000,0.020,0.400,0.0,0.0,26,1,1.0000000,1.2,*amm_vertw1*
2.0000,1.4000,0.020,0.400,0.0,0.0,27,1,1.0000000,1.2,*amm_vertw2*
2.0000,1.0000,0.020,0.400,0.0,0.0,28,1,1.0000000,1.2,*amm_vertw3*
2.0000,0.6000,0.020,0.400,0.0,0.0,29,1,1.0000000,1.2,*amm_vertw4*
2.0000,0.2000,0.020,0.400,0.0,0.0,30,1,1.0000000,1.2,*amm_vertw5*
2.0000,-0.2000,0.020,0.400,0.0,0.0,31,1,1.0000000,1.2,*amm_vertw6*
2.0000,-0.6000,0.020,0.400,0.0,0.0,32,1,1.0000000,1.2,*amm_vertw7*
2.0000,-1.0000,0.020,0.400,0.0,0.0,33,1,1.0000000,1.2,*amm_vertw8*
2.0000,-1.4000,0.020,0.400,0.0,0.0,34,1,1.0000000,1.2,*amm_vertw9*
2.0000,-1.8000,0.020,0.400,0.0,0.0,35,1,1.0000000,1.2,*amm_vertw10*
0.1000,-2.0000,0.200,0.020,0.0,0.0,36,1,1.0000000,0.1,*amm_lhorw1*
0.3000,-2.0000,0.200,0.020,0.0,0.0,37,1,1.0000000,0.3,*amm_lhorw2*
0.5000,-2.0000,0.200,0.020,0.0,0.0,38,1,1.0000000,0.6,*amm_lhorw3*
0.7000,-2.0000,0.200,0.020,0.0,0.0,39,1,1.0000000,0.8,*amm_lhorw4*
0.9000,-2.0000,0.200,0.020,0.0,0.0,40,1,1.0000000,1.0,*amm_lhorw5*
1.1000,-2.0000,0.200,0.020,0.0,0.0,41,1,1.0000000,1.3,*amm_lhorw6*
1.3000,-2.0000,0.200,0.020,0.0,0.0,42,1,1.0000000,1.5,*amm_lhorw7*
1.5000,-2.0000,0.200,0.020,0.0,0.0,43,1,1.0000000,1.7,*amm_lhorw8*
1.7000,-2.0000,0.200,0.020,0.0,0.0,44,1,1.0000000,2.0,*amm_lhorw9*
1.9000,-2.0000,0.200,0.020,0.0,0.0,45,1,1.0000000,2.2,*amm_lhorw10*
0.1000,2.0000,0.200,0.020,0.0,0.0,46,1,1.0000000,0.1,*amm_uhorw1*
0.3000,2.0000,0.200,0.020,0.0,0.0,47,1,1.0000000,0.3,*amm_uhorw2*
0.5000,2.0000,0.200,0.020,0.0,0.0,48,1,1.0000000,0.6,*amm_uhorw3*
0.7000,2.0000,0.200,0.020,0.0,0.0,49,1,1.0000000,0.8,*amm_uhorw4*
0.9000,2.0000,0.200,0.020,0.0,0.0,50,1,1.0000000,1.0,*amm_uhorw5*
1.1000,2.0000,0.200,0.020,0.0,0.0,51,1,1.0000000,1.3,*amm_uhorw6*
1.3000,2.0000,0.200,0.020,0.0,0.0,52,1,1.0000000,1.5,*amm_uhorw7*
1.5000,2.0000,0.200,0.020,0.0,0.0,53,1,1.0000000,1.7,*amm_uhorw8*
1.7000,2.0000,0.200,0.020,0.0,0.0,54,1,1.0000000,2.0,*amm_uhorw9*
1.9000,2.0000,0.200,0.020,0.0,0.0,55,1,1.0000000,2.2,*amm_uhorw10*
0.2840,1.4596,0.062,0.025,0.0,0.0,56,1,1.0000000,15.8,*amm_p2uarm1*
0.3530,1.4596,0.076,0.025,0.0,0.0,57,1,1.0000000,16.0,*amm_p2uarm2*
0.4390,1.4596,0.096,0.025,0.0,0.0,58,1,1.0000000,15.7,*amm_p2uarm3*
0.5460,1.4596,0.118,0.025,0.0,0.0,59,1,1.0000000,15.9,*amm_p2uarm4*
0.6790,1.4596,0.148,0.025,0.0,0.0,60,1,1.0000000,15.8,*amm_p2uarm5*
0.2840,-1.4654,0.062,0.025,0.0,0.0,61,1,1.0000000,15.8,*amm_p2larm1*
0.3530,-1.4654,0.076,0.025,0.0,0.0,62,1,1.0000000,16.0,*amm_p2larm2*
0.4390,-1.4654,0.096,0.025,0.0,0.0,63,1,1.0000000,15.7,*amm_p2larm3*
0.5460,-1.4654,0.118,0.025,0.0,0.0,64,1,1.0000000,15.9,*amm_p2larm4*
0.6790,-1.4654,0.148,0.025,0.0,0.0,65,1,1.0000000,15.8,*amm_p2larm5*
0.1791,-1.8150,0.016,0.120,0.0,0.0,66,1,1.0000000,0.8,*amm_incon1*
0.1748,-1.6950,0.007,0.120,0.0,0.0,67,1,1.0000000,1.6,*amm_incon2*
0.1745,-1.5750,0.007,0.120,0.0,0.0,68,1,1.0000000,1.7,*amm_incon3*
0.1745,-1.4550,0.007,0.120,0.0,0.0,69,1,1.0000000,1.7,*amm_incon4*
0.1745,-1.3350,0.007,0.120,0.0,0.0,70,1,1.0000000,1.7,*amm_incon5*
0.1745,-1.1250,0.007,0.300,0.0,0.0,71,1,1.0000000,0.7,*amm_incon6*
0.1745,-0.7969,0.007,0.375,0.0,0.0,72,1,1.0000000,0.5,*amm_incon7*
0.1745,-0.4000,0.007,0.400,0.0,0.0,73,1,1.0000000,0.5,*amm_incon8*
0.1745,0.0000,0.007,0.400,0.0,0.0,74,1,1.0000000,0.5,*amm_incon9*
0.1745,0.4000,0.007,0.400,0.0,0.0,75,1,1.0000000,0.5,*amm_incon10*
0.1745,0.7969,0.007,0.375,0.0,0.0,76,1,1.0000000,0.5,*amm_incon11*
0.1745,1.1250,0.007,0.300,0.0,0.0,77,1,1.0000000,0.7,*amm_incon12*
0.1745,1.3350,0.007,0.120,0.0,0.0,78,1,1.0000000,1.7,*amm_incon13*
0.1745,1.4550,0.007,0.120,0.0,0.0,79,1,1.0000000,1.7,*amm_incon14*
0.1745,1.5750,0.007,0.120,0.0,0.0,80,1,1.0000000,1.7,*amm_incon15*
0.1748,1.6950,0.007,0.120,0.0,0.0,81,1,1.0000000,1.6,*amm_incon16*
0.1791,1.8150,0.016,0.120,0.0,0.0,82,1,1.0000000,0.8,*amm_incon17*
0.1981,-1.5680,0.028,0.225,0.0,0.0,83,1,1.0000000,2.7,*amm_rodgr1*
0.1979,-1.3500,0.028,0.225,0.0,0.0,84,1,1.0000000,2.7,*amm_rodgr2*
0.1944,-1.1340,0.020,0.225,0.0,0.0,85,1,1.0000000,3.7,*amm_rodgr3*
0.1907,-0.9150,0.013,0.215,0.0,0.0,86,1,1.0000000,6.1,*amm_rodgr4*
0.1907,-0.6960,0.013,0.215,0.0,0.0,87,1,1.0000000,6.1,*amm_rodgr5*
0.1905,-0.4800,0.013,0.225,0.0,0.0,88,1,1.0000000,5.6,*amm_rodgr6*
0.1907,-0.2544,0.013,0.241,0.0,0.0,89,1,1.0000000,5.4,*amm_rodgr7*
0.1907,0.0000,0.013,0.254,0.0,0.0,90,1,1.0000000,5.1,*amm_rodgr8*
0.1907,0.2544,0.013,0.241,0.0,0.0,91,1,1.0000000,5.4,*amm_rodgr9*
0.1905,0.4800,0.013,0.225,0.0,0.0,92,1,1.0000000,5.6,*amm_rodgr10*
0.1907,0.6960,0.013,0.215,0.0,0.0,93,1,1.0000000,6.1,*amm_rodgr11*
0.1907,0.9150,0.013,0.215,0.0,0.0,94,1,1.0000000,6.1,*amm_rodgr12*
0.1944,1.1340,0.020,0.225,0.0,0.0,95,1,1.0000000,3.7,*amm_rodgr13*
0.1979,1.3500,0.028,0.225,0.0,0.0,96,1,1.0000000,2.7,*amm_rodgr14*
0.1981,1.5680,0.028,0.225,0.0,0.0,97,1,1.0000000,2.7,*amm_rodgr15*
